VIDEO_ID#,ID#,DATE,Convert date,JULIAN_DATE,TIME,DECIMAL_TIME,LATITUDE,LONGITUDE,TEMPERATURE,WEATHER,TOTAL_VIDEO_DURATION,RECORDED_DURATION,CODED_ENV,GENERALIZED_ENVIRONMENT,CODED_SENTINEL_PRESENCE,SENTINEL_PRESENCE,CODED_BAIT,BAIT_PRESENCE,NUMBER_OF_CROWS_RECORDED,CODED_GROUP_SIZE,GROUP_SIZE,TOTAL_NUMBER_OF_DISTURBANCES,NUMBER_HUMAN_DISTURBANCE,NUMBER_DOM_ANIMAL_DISTURBANCE,NUMBER_HETEROSPECIFIC_DISTURBANCE,NUMBER_VEHICLE_DISTURBANCE,TOTAL_AGGRESSION,CONSPECIFIC_AGGRESSION,TOTAL_FREQUENCY_OF_DISTURBANCES,DISTURBANCE_FREQUENCY,HU_NUMBER_OF_BOUTS,HU_BEHAVIOR_DURATION,HU_MEAN_BOUT_DURATION,HU_SD_BOUT_DURATION,HU_BEHAVIOR_PROPORTION_(%),HD_NUMBER_OF_BOUTS,HD_BEHAVIOR_DURATION,HD_MEAN_BOUT_DURATION,HD_SD_BOUT_DURATION,HD_BEHAVIOR_PROPORTION_(%),M_NUMBER_OF_BOUTS,M_BEHAVIOR_DURATION,M_MEAN_BOUT_DURATION,M_SD_BOUT_DURATION,M_BEHAVIOR_PROPORTION_(%),NUMBER_OF_PECKS,PECK_RATE,TOTAL_NB_BEHAVIORS,TOTAL_NB_TRANSITIONS,NB_HD>HDP,FREQ_HD>HDP,PTWY_HD>HDP,NB_HD>HU,FREQ_HD>HU,PTWY_HD>HU,NB_HD>M,FREQ_HD>M,PTWY_HD>M,NB_HDP>HU,FREQ_HDP>HU,PTWY_HDP>HU,NB_HDP>M,FREQ_HDP>M,PTWY_HDP>M,NB_HU>HD,FREQ_HU>HD,PTWY_HU>HD,NB_HU>M,FREQ_HU>M,PTWY_HU>M,NB_M>HD,FREQ_M>HD,PTWY_M>HD,NB_M>HU,FREQ_M>HU,PTWY_M>HU
20,020-01-01,2022-06-25,2022-06-25,20227825,6:20:00,6.333333333,43.18262,-79.245815,18,Sunny,87.711,76.187,0,Green Area,0,NO,0,NO,2,0,SMALL,0,0,0,0,0,0,0,0,LOW,13,22.942,1.765,2.737,0.301127489,14,39.764,2.84,2.444,0.521926313,6,13.481,2.247,2.2,0.176946198,31,46.77597827,46,45,13,0.289,0.928571429,1,0.022,0.071428571,0,0,0,10,0.222,0.769230769,3,0.067,0.230769231,10,0.222,0.769230769,3,0.067,0.230769231,3,0.067,0.6,2,0.044,0.4
20,020-01-02,2022-06-25,2022-06-25,20227825,6:20:00,6.333333333,43.18262,-79.245815,18,Sunny,87.711,50.024,0,Green Area,0,NO,0,NO,2,0,SMALL,0,0,0,0,0,0,0,0,LOW,13,17.726,1.364,1.305,0.354349912,9,18.773,2.086,1.17,0.375279866,8,13.525,1.691,1.507,0.270370222,20,63.92158952,37,35,8,0.229,0.888888889,1,0.029,0.111111111,0,0,0,7,0.2,0.875,1,0.029,0.125,9,0.257,0.692307692,4,0.114,0.307692308,0,0,0,5,0.143,1
24,024-01-01,2022-07-07,2022-07-07,20227837,6:13:00,6.216666667,43.18262,-79.245815,16,Sunny,191.497,105.97,0,Green Area,0,NO,0,NO,2,0,SMALL,0,0,0,0,0,0,0,0,LOW,13,72.032,5.541,3.493,0.679739549,8,22.149,2.769,2.421,0.209011985,9,11.789,1.31,0.426,0.111248467,9,24.3803332,35,33,5,0.152,0.833333333,1,0.03,0.166666667,0,0,0,3,0.091,0.6,2,0.061,0.4,6,0.182,0.461538462,7,0.212,0.538461538,1,0.03,0.111111111,8,0.242,0.888888889
24,024-01-01,2022-07-07,2022-07-07,20227837,6:13:00,6.216666667,43.18262,-79.245815,16,Sunny,191.497,39.524,0,Green Area,1,YES,0,NO,2,0,SMALL,0,0,0,0,0,0,0,0,LOW,7,30.791,4.399,2.839,0.779045643,3,4.223,1.408,1.22,0.106846473,4,4.51,1.127,0.476,0.114107884,1,14.20790907,15,14,1,0.071,0.333333333,2,0.143,0.666666667,0,0,0,1,0.071,1,0,0,0,2,0.143,0.333333333,4,0.286,0.666666667,0,0,0,4,0.286,1
24,024-01-02,2022-07-07,2022-07-07,20227837,6:13:00,6.216666667,43.18262,-79.245815,16,Sunny,191.497,41.965,0,Green Area,0,NO,0,NO,2,0,SMALL,0,0,0,0,0,0,0,0,LOW,10,19.016,1.902,0.939,0.453139521,6,9.251,1.542,1.068,0.220445609,10,13.698,1.37,0.742,0.32641487,2,12.97157064,25,23,2,0.087,0.4,3,0.13,0.6,0,0,0,2,0.087,1,0,0,0,4,0.174,0.4,6,0.261,0.6,2,0.087,0.333333333,4,0.174,0.666666667
25,025-01-01,2022-07-07,2022-07-07,20227837,6:18:00,6.3,43.18262,-79.245815,16,Sunny,2110.092,83.445,0,Green Area,0,NO,1,YES,1,0,SMALL,5,4,1,0,0,0,0,0.142173896,MEDIUM,21,29.477,1.404,0.993,0.353250644,17,31.081,1.828,1.526,0.372472886,11,22.887,2.081,1.319,0.27427647,36,69.49583347,60,56,13,0.232,0.866666667,1,0.018,0.066666667,1,0.018,0.066666667,12,0.214,0.923076923,1,0.018,0.076923077,15,0.268,0.714285714,6,0.107,0.285714286,1,0.018,0.142857143,6,0.107,0.857142857
26,026-01-01,2022-07-13,2022-07-13,20227843,6:31:00,6.516666667,43.18262,-79.245815,19,Mostly Cloudy,1075.363,112.468,0,Green Area,1,YES,1,YES,1,0,SMALL,4,2,2,0,0,0,0,0.223180452,MEDIUM,39,48.494,1.243,1.118,0.431180425,36,53.355,1.482,0.648,0.474401608,10,10.619,1.062,0.634,0.094417968,56,62.97441664,118,116,33,0.284,0.916666667,3,0.026,0.083333333,0,0,0,33,0.284,1,0,0,0,30,0.259,0.769230769,9,0.078,0.230769231,6,0.052,0.75,2,0.017,0.25
27,027-01-01,2022-07-19,2022-07-19,20227849,6:30:00,6.5,43.18262,-79.245815,22,Sunny,1199.73,140.19,0,Green Area,0,NO,1,YES,1,0,SMALL,1,1,0,0,0,0,0,0.050011253,MEDIUM,22,77.506,3.523,5.337,0.55286397,19,52.181,2.746,2.244,0.372216278,7,10.503,1.5,1.053,0.074919752,38,43.69406489,62,60,15,0.25,0.789473684,4,0.067,0.210526316,0,0,0,15,0.25,1,0,0,0,16,0.267,0.727272727,6,0.1,0.272727273,3,0.05,0.75,1,0.017,0.25
28,028-01-01,2022-07-20,2022-07-20,20227850,6:34:00,6.566666667,43.18262,-79.245815,24,Sunny,898.24,71.573,0,Green Area,1,YES,1,YES,1,0,SMALL,1,1,0,0,0,0,0,0.066797292,MEDIUM,11,39.47,3.588,4.286,0.551464938,8,12.647,1.581,1.111,0.176700711,8,19.456,2.432,2.295,0.271834351,8,37.9536649,32,31,6,0.194,0.75,2,0.065,0.25,0,0,0,6,0.194,1,0,0,0,4,0.129,0.363636364,7,0.226,0.636363636,4,0.129,0.666666667,2,0.065,0.333333333
29,029-01-01,2022-07-22,2022-07-22,20227852,6:30:00,6.5,43.18262,-79.245815,21,Partly Cloudy,1199.57,191.738,0,Green Area,0,NO,1,YES,2,0,SMALL,3,2,1,0,0,0,0,0.150053769,MEDIUM,43,98.389,2.288,4.864,0.513142935,40,65.42,1.635,1.204,0.341194755,12,27.929,2.327,1.983,0.14566231,63,57.78049526,127,124,33,0.266,0.846153846,6,0.048,0.153846154,0,0,0,33,0.266,0.970588235,1,0.008,0.029411765,33,0.266,0.785714286,9,0.073,0.214285714,5,0.04,0.555555556,4,0.032,0.444444444
29,029-01-01,2022-07-22,2022-07-22,20227852,6:30:00,6.5,43.18262,-79.245815,21,Partly Cloudy,1199.57,57.005,0,Green Area,1,YES,1,YES,2,0,SMALL,3,2,1,0,0,0,0,0.150053769,MEDIUM,18,25.946,1.441,1.209,0.455153057,15,17.647,1.176,0.463,0.309569336,7,13.412,1.916,1.592,0.235277607,17,57.80019267,53,52,14,0.269,1,0,0,0,0,0,0,13,0.25,0.928571429,1,0.019,0.071428571,14,0.269,0.777777778,4,0.077,0.222222222,1,0.019,0.166666667,5,0.096,0.833333333
29,029-01-02,2022-07-22,2022-07-22,20227852,6:30:00,6.5,43.18262,-79.245815,21,Partly Cloudy,1199.57,163.845,0,Green Area,0,NO,1,YES,2,0,SMALL,3,2,1,0,0,0,0,0.150053769,MEDIUM,30,67.849,2.262,1.685,0.414104794,19,53.024,2.791,1.641,0.323622936,23,42.972,1.868,1.878,0.26227227,53,59.97284249,90,88,19,0.216,1,0,0,0,0,0,0,16,0.182,0.842105263,3,0.034,0.157894737,12,0.136,0.4,18,0.205,0.6,7,0.08,0.35,13,0.148,0.65
30,030-01-01,2022-07-23,2022-07-23,20227853,6:27:00,6.45,43.18262,-79.245815,22,Mostly Sunny,1129.042,123.993,0,Green Area,1,YES,1,YES,1,0,SMALL,0,0,0,0,0,0,0,0,LOW,37,40.548,1.096,1.226,0.327018461,34,51.97,1.529,0.822,0.419136564,19,31.475,1.657,1.267,0.253844975,27,31.1718299,108,107,19,0.178,0.558823529,13,0.121,0.382352941,2,0.019,0.058823529,17,0.159,0.894736842,2,0.019,0.105263158,24,0.224,0.648648649,13,0.121,0.351351351,10,0.093,0.588235294,7,0.065,0.411764706
31,031-01-01,2022-07-26,2022-07-26,20227856,6:37:00,6.616666667,43.18262,-79.245815,18,Mostly Cloudy,1199.756,157.903,0,Green Area,1,YES,1,YES,1,0,SMALL,2,2,0,0,0,0,0,0.100020337,MEDIUM,56,64.019,1.143,0.873,0.405432449,54,70.252,1.301,0.757,0.44490605,26,23.632,0.909,0.878,0.149661501,84,71.74172977,184,183,51,0.279,0.944444444,3,0.016,0.055555556,0,0,0,51,0.279,1,0,0,0,34,0.186,0.607142857,22,0.12,0.392857143,20,0.109,0.909090909,2,0.011,0.090909091
32,032-01-01,2022-07-27,2022-07-27,20227857,6:21:00,6.35,43.171783,-79.265237,17,Mostly Sunny,619.355,311.71,1,Commercial,0,NO,0,NO,4,0,SMALL,3,2,0,0,1,1,1,0.290624924,MEDIUM,73,109.615,1.502,1.632,0.351656989,57,100.146,1.757,1.25,0.321279394,59,101.949,1.728,1.814,0.327063617,123,73.69240908,214,204,43,0.211,0.754385965,12,0.059,0.210526316,2,0.01,0.035087719,36,0.176,0.923076923,3,0.015,0.076923077,40,0.196,0.563380282,31,0.152,0.436619718,15,0.074,0.405405405,22,0.108,0.594594595
32,032-01-02,2022-07-27,2022-07-27,20227857,6:21:00,6.35,43.171783,-79.265237,17,Mostly Sunny,619.355,227.938,1,Commercial,0,NO,0,NO,4,0,SMALL,3,2,0,0,1,1,1,0.290624924,MEDIUM,54,83.359,1.544,1.306,0.365709096,39,66.218,1.698,1.151,0.290508823,66,78.361,1.187,1.019,0.343782081,52,47.11709807,164,155,28,0.181,0.717948718,9,0.058,0.230769231,2,0.013,0.051282051,24,0.155,0.888888889,3,0.019,0.111111111,19,0.123,0.365384615,33,0.213,0.634615385,19,0.123,0.513513514,18,0.116,0.486486486
32,032-01-03,2022-07-27,2022-07-27,20227857,6:21:00,6.35,43.171783,-79.265237,17,Mostly Sunny,619.355,128.815,1,Commercial,0,NO,0,NO,4,0,SMALL,3,2,0,0,1,0,0,0.290624924,MEDIUM,31,50.813,1.639,1.059,0.39446493,21,35.231,1.678,1.34,0.273500757,28,42.771,1.528,1.231,0.332034313,32,54.49745962,82,77,12,0.156,0.6,7,0.091,0.35,1,0.013,0.05,11,0.143,1,0,0,0,17,0.221,0.548387097,14,0.182,0.451612903,4,0.052,0.266666667,11,0.143,0.733333333
32,032-01-04,2022-07-27,2022-07-27,20227857,6:21:00,6.35,43.171783,-79.265237,17,Mostly Sunny,619.355,102.779,1,Commercial,0,NO,0,NO,4,0,SMALL,3,2,0,0,1,0,0,0.290624924,MEDIUM,28,50.307,1.797,2.192,0.489467693,11,12.239,1.113,0.606,0.119080746,25,40.233,1.609,1.477,0.391451561,11,53.92597434,69,67,7,0.104,0.636363636,4,0.06,0.363636364,0,0,0,7,0.104,1,0,0,0,7,0.104,0.25,21,0.313,0.75,4,0.06,0.19047619,17,0.254,0.80952381
33,033-01-01,2022-08-02,2022-08-02,20227863,8:32:00,8.533333333,43.114516,-79.113412,20,Partly Cloudy,1199.741,271.96,1,Commercial,0,NO,1,YES,2,0,SMALL,0,0,0,0,0,0,0,0,LOW,86,76.081,0.885,0.605,0.279750699,81,91.894,1.134,0.642,0.337895279,27,103.985,3.851,3.664,0.382354023,114,74.43358652,248,245,71,0.29,0.8875,9,0.037,0.1125,0,0,0,71,0.29,1,0,0,0,78,0.318,0.906976744,8,0.033,0.093023256,3,0.012,0.375,5,0.02,0.625
33,033-01-01,2022-08-02,2022-08-02,20227863,8:32:00,8.533333333,43.114516,-79.113412,20,Partly Cloudy,1199.741,111.713,1,Commercial,1,YES,1,YES,2,0,SMALL,0,0,0,0,0,0,0,0,LOW,23,25.415,1.105,0.85,0.227502618,21,39.706,1.891,0.963,0.355428643,7,46.592,6.656,8.047,0.417068739,44,66.48869189,69,66,20,0.303,0.952380952,1,0.015,0.047619048,0,0,0,20,0.303,1,0,0,0,19,0.288,0.863636364,3,0.045,0.136363636,2,0.03,0.666666667,1,0.015,0.333333333
33,033-01-02,2022-08-02,2022-08-02,20227863,8:32:00,8.533333333,43.114516,-79.113412,20,Partly Cloudy,1199.741,82.291,1,Commercial,0,NO,1,YES,2,0,SMALL,0,0,0,0,0,0,0,0,LOW,12,13.992,1.166,0.763,0.170030745,8,9.011,1.126,0.656,0.109501647,26,59.288,2.28,2.41,0.720467609,8,53.26822772,35,32,6,0.188,0.75,1,0.031,0.125,1,0.031,0.125,6,0.188,1,0,0,0,4,0.125,0.363636364,7,0.219,0.636363636,4,0.125,0.571428571,3,0.094,0.428571429
34,034-01-01,2022-08-03,2022-08-03,20227864,7:46:00,7.766666667,43.114516,-79.113412,23,Sunny,1199.612,91.58,1,Commercial,0,NO,1,YES,1,0,SMALL,0,0,0,0,0,0,0,0,LOW,18,46.437,2.58,2.849,0.507064861,11,14.415,1.31,1.091,0.157403363,16,30.728,1.92,2.056,0.335531775,18,74.9219563,52,51,11,0.216,1,0,0,0,0,0,0,10,0.196,0.909090909,1,0.02,0.090909091,8,0.157,0.444444444,10,0.196,0.555555556,3,0.059,0.272727273,8,0.157,0.727272727
35,035-01-01,2022-08-24,2022-08-24,20227885,8:25:00,8.416666667,43.214244,-79.213456,21,Sunny,499.999,40.99,0,Green Area,1,YES,0,NO,3,0,SMALL,25,0,0,0,25,0,0,3.000006,HIGH,14,14.27,1.019,0.544,0.348133691,12,13.974,1.165,0.423,0.340912418,9,12.746,1.416,0.743,0.310953891,23,98.7548304,43,40,11,0.275,0.916666667,1,0.025,0.083333333,0,0,0,8,0.2,0.727272727,3,0.075,0.272727273,12,0.3,0.857142857,2,0.05,0.142857143,0,0,0,3,0.075,1
35,035-01-02,2022-08-24,2022-08-24,20227885,8:25:00,8.416666667,43.214244,-79.213456,21,Sunny,499.999,35.796,0,Green Area,1,YES,0,NO,3,0,SMALL,25,0,0,0,25,0,0,3.000006,HIGH,9,6.261,0.696,0.302,0.174907811,7,14.001,2,1.406,0.391133087,12,15.534,1.294,1.055,0.433959102,21,89.99357189,30,27,6,0.222,0.857142857,1,0.037,0.142857143,0,0,0,5,0.185,0.833333333,1,0.037,0.166666667,3,0.111,0.333333333,6,0.222,0.666666667,3,0.111,0.6,2,0.074,0.4
36,036-01-01,2022-08-27,2022-08-27,20227888,7:48:00,7.8,43.18262,-79.245815,18,Sunny,1199.738,86.811,0,Green Area,0,NO,1,YES,2,0,SMALL,5,4,1,0,0,0,0,0.250054595,MEDIUM,26,36.731,1.413,1.484,0.423114582,26,49.351,1.898,1.294,0.568487864,1,0.729,0.729,NA,0.008397553,65,79.02575429,76,74,23,0.311,0.884615385,3,0.041,0.115384615,0,0,0,22,0.297,1,0,0,0,25,0.338,1,0,0,0,0,0,0,1,0.014,1
36,036-01-01,2022-08-27,2022-08-27,20227888,7:48:00,7.8,43.18262,-79.245815,18,Sunny,1199.738,269.338,0,Green Area,1,YES,1,YES,2,0,SMALL,5,4,1,0,0,0,0,0.250054595,MEDIUM,57,75.855,1.331,1.131,0.281634972,55,132.19,2.403,1.593,0.490795952,28,61.293,2.189,1.889,0.227569077,85,38.58083062,165,160,28,0.175,0.509090909,25,0.156,0.454545455,2,0.013,0.036363636,26,0.163,0.928571429,2,0.013,0.071428571,40,0.25,0.701754386,17,0.106,0.298245614,14,0.087,0.7,6,0.037,0.3
36,036-01-02,2022-08-27,2022-08-27,20227888,7:48:00,7.8,43.18262,-79.245815,18,Sunny,1199.738,128.067,0,Green Area,0,NO,1,YES,2,0,SMALL,5,4,1,0,0,0,0,0.250054595,MEDIUM,32,49.509,1.547,1.846,0.386586709,26,43.118,1.658,0.959,0.336683142,18,35.44,1.969,1.757,0.276730149,55,76.53416207,96,93,24,0.258,0.923076923,2,0.022,0.076923077,0,0,0,23,0.247,0.958333333,1,0.011,0.041666667,22,0.237,0.6875,10,0.108,0.3125,4,0.043,0.363636364,7,0.075,0.636363636
37,037-01-01,2022-08-27,2022-08-27,20227888,8:23:00,8.383333333,43.17858,-79.239173,18,Sunny,230.462,98.369,0,Green Area,1,YES,0,NO,2,0,SMALL,0,0,0,0,0,0,0,0,LOW,17,24.227,1.425,1.32,0.24628694,17,51.674,3.04,3.793,0.52530777,11,22.468,2.043,1.8,0.22840529,23,26.70588691,50,44,6,0.136,0.375,6,0.136,0.375,4,0.091,0.25,5,0.114,1,0,0,0,8,0.182,0.571428571,6,0.136,0.428571429,6,0.136,0.666666667,3,0.068,0.333333333
37,037-01-02,2022-08-27,2022-08-27,20227888,8:23:00,8.383333333,43.17858,-79.239173,18,Sunny,230.462,97.634,0,Green Area,1,YES,0,NO,2,0,SMALL,0,0,0,0,0,0,0,0,LOW,9,21.75,2.417,4.683,0.222770756,12,33.709,2.809,1.634,0.345258824,14,42.175,3.012,5.182,0.43197042,21,37.37874158,40,37,7,0.189,0.583333333,0,0,0,5,0.135,0.416666667,5,0.135,0.714285714,2,0.054,0.285714286,4,0.108,0.444444444,5,0.135,0.555555556,7,0.189,0.777777778,2,0.054,0.222222222
037-2,037-02-01,2022-08-27,2022-08-27,20227888,8:38:00,8.633333333,43.177786,-79.239675,18,Sunny,600.281,130.714,1,Commercial,1,YES,1,YES,7,1,LARGE,0,0,0,0,0,3,2,0,LOW,29,55.24,1.905,2.544,0.422602017,22,34.049,1.548,0.971,0.260484722,23,41.425,1.801,1.901,0.316913261,34,59.91365385,84,82,16,0.195,0.727272727,4,0.049,0.181818182,2,0.024,0.090909091,15,0.183,1,0,0,0,15,0.183,0.517241379,14,0.171,0.482758621,7,0.085,0.4375,9,0.11,0.5625
037-2,037-02-02,2022-08-27,2022-08-27,20227888,8:38:00,8.633333333,43.177786,-79.239675,18,Sunny,600.281,42.67,1,Commercial,0,NO,1,YES,7,1,LARGE,0,0,0,0,0,0,0,0,LOW,3,16.754,5.585,5.824,0.3926412,0,0,0,NA,0,5,25.916,5.183,4.19,0.6073588,0,0,6,5,0,0,0,0,0,0,0,0,0,0,0,0,0,0,0,0,0,0,2,0.4,1,0,0,0,3,0.6,1
037-2,037-02-02,2022-08-27,2022-08-27,20227888,8:38:00,8.633333333,43.177786,-79.239675,18,Sunny,600.281,125.683,1,Commercial,1,YES,1,YES,7,1,LARGE,0,0,0,0,0,0,0,0,LOW,23,53.724,2.336,2.299,0.427456378,11,14.01,1.274,0.929,0.111470923,27,57.949,2.146,1.831,0.461072699,10,42.82655246,59,55,5,0.091,0.454545455,5,0.091,0.454545455,1,0.018,0.090909091,5,0.091,1,0,0,0,7,0.127,0.304347826,16,0.291,0.695652174,4,0.073,0.25,12,0.218,0.75
037-2,037-02-03,2022-08-27,2022-08-27,20227888,8:38:00,8.633333333,43.177786,-79.239675,18,Sunny,600.281,42.675,1,Commercial,0,NO,1,YES,7,1,LARGE,0,0,0,0,0,0,0,0,LOW,2,40.416,20.208,4.728,0.947065026,1,2.259,2.259,NA,0.052934974,0,0,0,NA,0,3,79.6812749,4,3,1,0.333,1,0,0,0,0,0,0,1,0.333,1,0,0,0,1,0.333,1,0,0,0,0,0,0,0,0,0
037-2,037-02-03,2022-08-27,2022-08-27,20227888,8:38:00,8.633333333,43.177786,-79.239675,18,Sunny,600.281,325.803,1,Commercial,1,YES,1,YES,7,1,LARGE,0,0,0,0,0,2,1,0,LOW,57,178.104,3.125,2.7,0.546661633,48,101.343,2.111,1.399,0.311056068,21,46.356,2.207,2.425,0.142282299,99,58.6128297,162,156,37,0.237,0.770833333,9,0.058,0.1875,2,0.013,0.041666667,36,0.231,1,0,0,0,40,0.256,0.727272727,15,0.096,0.272727273,8,0.051,0.470588235,9,0.058,0.529411765
037-2,037-02-04,2022-08-27,2022-08-27,20227888,8:38:00,8.633333333,43.177786,-79.239675,18,Sunny,600.281,37.567,1,Commercial,0,NO,1,YES,7,1,LARGE,0,0,0,0,0,0,0,0,LOW,7,10.803,1.543,0.917,0.287566215,5,24.005,4.801,3.543,0.638991668,3,2.759,0.92,0.384,0.073442117,17,42.49114768,17,16,3,0.188,0.6,2,0.125,0.4,0,0,0,3,0.188,1,0,0,0,5,0.312,0.714285714,2,0.125,0.285714286,0,0,0,1,0.062,1
037-2,037-02-04,2022-08-27,2022-08-27,20227888,8:38:00,8.633333333,43.177786,-79.239675,18,Sunny,600.281,142.682,1,Commercial,1,YES,1,YES,7,1,LARGE,0,0,0,0,0,1,1,0,LOW,33,70.176,2.127,3.5,0.49183499,24,55.718,2.322,1.868,0.390504759,16,16.788,1.049,0.433,0.117660251,65,69.99533364,93,92,21,0.228,0.875,3,0.033,0.125,0,0,0,20,0.217,0.952380952,1,0.011,0.047619048,19,0.207,0.59375,13,0.141,0.40625,5,0.054,0.333333333,10,0.109,0.666666667
037-2,037-02-05,2022-08-27,2022-08-27,20227888,8:38:00,8.633333333,43.177786,-79.239675,18,Sunny,600.281,42.125,1,Commercial,0,NO,1,YES,7,1,LARGE,0,0,0,0,0,0,0,0,LOW,6,24.953,4.159,4.022,0.592356083,5,11.998,2.4,1.958,0.284818991,3,5.174,1.725,1.05,0.122824926,17,85.01416903,19,18,5,0.278,1,0,0,0,0,0,0,5,0.278,1,0,0,0,3,0.167,0.5,3,0.167,0.5,2,0.111,1,0,0,0
037-2,037-02-05,2022-08-27,2022-08-27,20227888,8:38:00,8.633333333,43.177786,-79.239675,18,Sunny,600.281,230.094,1,Commercial,1,YES,1,YES,7,1,LARGE,0,0,0,0,0,0,0,0,LOW,42,133.132,3.17,3.16,0.578598312,20,29.7,1.485,0.706,0.129077681,37,67.262,1.818,1.297,0.292324007,28,56.56565657,110,105,14,0.133,0.7,5,0.048,0.25,1,0.01,0.05,13,0.124,0.928571429,1,0.01,0.071428571,12,0.114,0.3,28,0.267,0.7,8,0.076,0.258064516,23,0.219,0.741935484
037-2,037-02-06,2022-08-27,2022-08-27,20227888,8:38:00,8.633333333,43.177786,-79.239675,18,Sunny,600.281,42.647,1,Commercial,0,NO,1,YES,7,1,LARGE,0,0,0,0,0,0,0,0,LOW,15,18.324,1.222,1.111,0.4296668,15,21.577,1.438,0.761,0.505944146,1,2.746,2.746,NA,0.064389054,15,41.71108124,41,40,10,0.25,0.666666667,5,0.125,0.333333333,0,0,0,10,0.25,1,0,0,0,13,0.325,0.928571429,1,0.025,0.071428571,1,0.025,1,0,0,0
037-2,037-02-06,2022-08-27,2022-08-27,20227888,8:38:00,8.633333333,43.177786,-79.239675,18,Sunny,600.281,186.998,1,Commercial,1,YES,1,YES,7,1,LARGE,0,0,0,0,0,0,0,0,LOW,39,60.244,1.545,3.08,0.322163873,36,53.637,1.49,0.88,0.286831945,25,73.117,2.925,2.246,0.391004182,59,65.99921696,129,123,31,0.252,0.861111111,3,0.024,0.083333333,2,0.016,0.055555556,27,0.22,0.9,3,0.024,0.1,26,0.211,0.666666667,13,0.106,0.333333333,10,0.081,0.555555556,8,0.065,0.444444444
037-2,037-02-07,2022-08-27,2022-08-27,20227888,8:38:00,8.633333333,43.177786,-79.239675,18,Sunny,600.281,4.389,1,Commercial,0,NO,1,YES,7,1,LARGE,0,0,0,0,0,0,0,0,LOW,1,0.999,0.999,NA,0.227614491,1,2.593,2.593,NA,0.59079517,1,0.797,0.797,NA,0.181590339,3,69.41766294,4,3,1,0.333,1,0,0,0,0,0,0,1,0.333,1,0,0,0,0,0,0,1,0.333,1,0,0,0,0,0,0
037-2,037-02-07,2022-08-27,2022-08-27,20227888,8:38:00,8.633333333,43.177786,-79.239675,18,Sunny,600.281,71.895,1,Commercial,1,YES,1,YES,7,1,LARGE,0,0,0,0,0,1,1,0,LOW,22,28.487,1.295,1.354,0.396230614,22,38.63,1.756,0.785,0.537311357,5,4.778,0.956,0.322,0.066458029,53,82.31944085,68,67,20,0.299,0.909090909,1,0.015,0.045454545,1,0.015,0.045454545,19,0.284,1,0,0,0,20,0.299,0.909090909,2,0.03,0.090909091,2,0.03,0.5,2,0.03,0.5
38,038-01-01,2022-09-01,2022-09-01,20227893,7:30:00,7.5,43.17847,-79.239195,15,Partly Cloudy,235.999,54.362,0,Green Area,1,YES,0,NO,2,0,SMALL,0,0,0,0,0,0,0,0,LOW,5,19.755,3.951,2.365,0.363397226,7,13.23,1.89,2.822,0.243368529,9,21.377,2.375,1.371,0.393234245,5,22.67573696,23,21,2,0.095,0.285714286,0,0,0,5,0.238,0.714285714,2,0.095,1,0,0,0,3,0.143,0.6,2,0.095,0.4,4,0.19,0.571428571,3,0.143,0.428571429
38,038-01-02,2022-09-01,2022-09-01,20227893,7:30:00,7.5,43.17847,-79.239195,15,Partly Cloudy,235.999,156.759,0,Green Area,1,YES,0,NO,2,0,SMALL,0,0,0,0,0,0,0,0,LOW,12,17.989,1.499,1.274,0.114755772,24,77.579,3.232,6.338,0.494893435,25,61.191,2.448,2.187,0.390350793,59,45.63090527,71,65,11,0.169,0.458333333,2,0.031,0.083333333,11,0.169,0.458333333,7,0.108,0.636363636,4,0.062,0.363636364,5,0.077,0.454545455,6,0.092,0.545454545,16,0.246,0.842105263,3,0.046,0.157894737
038-2,038-02-01,2022-09-01,2022-09-01,20227893,7:40:00,7.666666667,43.177779,-79.239655,15,Partly Cloudy,741.462,22.229,1,Commercial,0,NO,1,YES,7,1,LARGE,0,0,0,0,0,1,0,0,LOW,9,6.488,0.721,0.387,0.291870979,9,7.982,0.887,0.687,0.35908048,6,7.759,1.293,1.102,0.34904854,8,60.13530443,29,28,5,0.179,0.625,3,0.107,0.375,0,0,0,5,0.179,1,0,0,0,4,0.143,0.444444444,5,0.179,0.555555556,5,0.179,0.833333333,1,0.036,0.166666667
038-2,038-02-01,2022-09-01,2022-09-01,20227893,7:40:00,7.666666667,43.177779,-79.239655,15,Partly Cloudy,741.462,130.92,1,Commercial,1,YES,1,YES,7,1,LARGE,0,0,0,0,0,1,1,0,LOW,31,48.146,1.553,2.114,0.367751299,23,45.004,1.957,1.326,0.34375191,22,37.77,1.717,1.154,0.288496792,66,87.99217847,94,89,18,0.202,0.782608696,3,0.034,0.130434783,2,0.022,0.086956522,17,0.191,0.944444444,1,0.011,0.055555556,14,0.157,0.466666667,16,0.18,0.533333333,8,0.09,0.444444444,10,0.112,0.555555556
038-2,038-02-02,2022-09-01,2022-09-01,20227893,7:40:00,7.666666667,43.177779,-79.239655,15,Partly Cloudy,741.462,174.244,1,Commercial,1,YES,1,YES,7,1,LARGE,0,0,0,0,0,0,0,0,LOW,36,83.731,2.326,2.784,0.480538785,29,60.525,2.087,1.175,0.347357728,12,29.988,2.499,1.703,0.172103487,49,48.57496902,101,98,24,0.245,0.827586207,4,0.041,0.137931034,1,0.01,0.034482759,23,0.235,0.958333333,1,0.01,0.041666667,24,0.245,0.705882353,10,0.102,0.294117647,4,0.041,0.363636364,7,0.071,0.636363636
038-2,038-02-03,2022-09-01,2022-09-01,20227893,7:40:00,7.666666667,43.177779,-79.239655,15,Partly Cloudy,741.462,2.453,1,Commercial,0,NO,1,YES,7,1,LARGE,0,0,0,0,0,0,0,0,LOW,0,0,0,NA,0,1,1.695,1.695,NA,0.690990624,1,0.758,0.758,NA,0.309009376,0,0,2,1,0,0,0,0,0,0,1,1,1,0,0,0,0,0,0,0,0,0,0,0,0,0,0,0,0,0,0
038-2,038-02-03,2022-09-01,2022-09-01,20227893,7:40:00,7.666666667,43.177779,-79.239655,15,Partly Cloudy,741.462,209.107,1,Commercial,1,YES,1,YES,7,1,LARGE,0,0,0,0,0,1,1,0,LOW,47,88.261,1.878,2.236,0.422085344,40,67.99,1.7,1.398,0.325144543,26,52.856,2.033,1.345,0.252770113,66,58.24385939,149,147,37,0.252,0.925,1,0.007,0.025,2,0.014,0.05,34,0.231,0.944444444,2,0.014,0.055555556,28,0.19,0.595744681,19,0.129,0.404255319,12,0.082,0.5,12,0.082,0.5
038-2,038-02-04,2022-09-01,2022-09-01,20227893,7:40:00,7.666666667,43.177779,-79.239655,15,Partly Cloudy,741.462,62.221,1,Commercial,1,YES,1,YES,7,1,LARGE,0,0,0,0,0,0,0,0,LOW,17,18.018,1.06,0.616,0.289580688,18,25.713,1.428,1.15,0.41325276,10,18.49,1.849,2.117,0.297166551,21,49.00245012,57,56,14,0.25,0.777777778,3,0.054,0.166666667,1,0.018,0.055555556,12,0.214,0.857142857,2,0.036,0.142857143,13,0.232,0.764705882,4,0.071,0.235294118,5,0.089,0.714285714,2,0.036,0.285714286
038-2,038-02-05,2022-09-01,2022-09-01,20227893,7:40:00,7.666666667,43.177779,-79.239655,15,Partly Cloudy,741.462,59.493,1,Commercial,1,YES,1,YES,7,1,LARGE,0,0,0,0,0,1,1,0,LOW,16,25.619,1.601,1.493,0.43062209,6,9.025,1.504,0.614,0.151698519,14,24.849,1.775,1.379,0.417679391,8,53.18559557,40,39,5,0.128,0.833333333,1,0.026,0.166666667,0,0,0,5,0.128,1,0,0,0,4,0.103,0.25,12,0.308,0.75,2,0.051,0.166666667,10,0.256,0.833333333
038-2,038-02-07,2022-09-01,2022-09-01,20227893,7:40:00,7.666666667,43.177779,-79.239655,15,Partly Cloudy,741.462,22.233,1,Commercial,0,NO,1,YES,7,1,LARGE,0,0,0,0,0,0,0,0,LOW,9,8.256,0.917,0.996,0.3713399,7,11.233,1.605,0.967,0.505239959,4,2.744,0.686,0.238,0.123420141,14,74.77966705,26,25,6,0.24,0.857142857,1,0.04,0.142857143,0,0,0,6,0.24,1,0,0,0,4,0.16,0.5,4,0.16,0.5,3,0.12,0.75,1,0.04,0.25
038-2,038-02-07,2022-09-01,2022-09-01,20227893,7:40:00,7.666666667,43.177779,-79.239655,15,Partly Cloudy,741.462,534.085,1,Commercial,1,YES,1,YES,7,1,LARGE,0,0,0,0,0,0,0,0,LOW,132,176.648,1.338,1.667,0.330748851,108,193.086,1.788,1.182,0.361526723,59,164.351,2.786,3.667,0.307724426,224,69.60628943,391,381,96,0.252,0.905660377,10,0.026,0.094339623,0,0,0,91,0.239,0.957894737,4,0.01,0.042105263,79,0.207,0.6171875,49,0.129,0.3828125,27,0.071,0.519230769,25,0.066,0.480769231
39,039-01-01,2022-09-01,2022-09-01,20227893,8:20:00,8.333333333,43.139716,-79.23733,17,Sunny,574.181,141.733,0,Green Area,0,NO,1,YES,2,0,SMALL,0,0,0,0,0,0,0,0,LOW,22,50.196,2.282,2.381,0.354158876,20,89.018,4.451,3.501,0.628068269,4,2.519,0.63,0.588,0.017772855,94,63.35797254,65,62,19,0.306,1,0,0,0,0,0,0,18,0.29,0.947368421,1,0.016,0.052631579,18,0.29,0.857142857,3,0.048,0.142857143,1,0.016,0.333333333,2,0.032,0.666666667
39,039-01-02,2022-09-01,2022-09-01,20227893,8:20:00,8.333333333,43.139716,-79.23733,17,Sunny,574.181,228.968,0,Green Area,0,NO,1,YES,2,0,SMALL,0,0,0,0,0,0,0,0,LOW,65,78.117,1.202,1.943,0.341169945,63,130.322,2.069,1.555,0.569171238,9,20.529,2.281,2.535,0.089658817,166,76.42608309,192,188,55,0.293,0.887096774,7,0.037,0.112903226,0,0,0,54,0.287,0.981818182,1,0.005,0.018181818,59,0.314,0.907692308,6,0.032,0.092307692,3,0.016,0.5,3,0.016,0.5
40,040-01-01,2022-09-08,2022-09-08,20227900,8:50:00,8.833333333,43.178229,-79.240608,18,Foggy,1199.672,17.139,0,Green Area,0,NO,1,YES,2,0,SMALL,7,0,0,0,7,0,0,0.350095693,MEDIUM,4,7.475,1.869,1.055,0.436139798,0,0,0,NA,0,5,9.664,1.933,1.647,0.563860202,0,0,9,8,0,0,0,0,0,0,0,0,0,0,0,0,0,0,0,0,0,0,4,0.5,1,0,0,0,4,0.5,1
40,040-01-01,2022-09-08,2022-09-08,20227900,8:50:00,8.833333333,43.178229,-79.240608,18,Foggy,1199.672,135.127,0,Green Area,1,YES,1,YES,2,0,SMALL,7,0,0,0,7,0,0,0.350095693,MEDIUM,36,44.814,1.245,0.947,0.331643565,29,55.529,1.915,1.207,0.410939339,17,34.784,2.046,1.627,0.257417097,27,29.17394515,99,93,17,0.183,0.586206897,12,0.129,0.413793103,0,0,0,16,0.172,0.941176471,1,0.011,0.058823529,22,0.237,0.628571429,13,0.14,0.371428571,6,0.065,0.5,6,0.065,0.5
40,040-01-02,2022-09-08,2022-09-08,20227900,8:50:00,8.833333333,43.178229,-79.240608,18,Foggy,1199.672,49.384,0,Green Area,0,NO,1,YES,2,0,SMALL,7,0,0,0,7,0,0,0.350095693,MEDIUM,13,19.001,1.462,1.884,0.384760246,14,25.733,1.838,1.268,0.521079702,2,4.65,2.325,2.366,0.094160052,23,53.62763766,41,40,12,0.3,0.857142857,2,0.05,0.142857143,0,0,0,11,0.275,1,0,0,0,12,0.3,0.923076923,1,0.025,0.076923077,2,0.05,1,0,0,0
40,040-01-02,2022-09-08,2022-09-08,20227900,8:50:00,8.833333333,43.178229,-79.240608,18,Foggy,1199.672,39.769,0,Green Area,1,YES,1,YES,2,0,SMALL,7,0,0,0,7,0,0,0.350095693,MEDIUM,11,14.512,1.319,1.055,0.36490734,10,15.003,1.5,0.74,0.37725364,4,10.254,2.563,2.253,0.25783902,14,55.98880224,34,33,9,0.273,0.9,1,0.03,0.1,0,0,0,9,0.273,1,0,0,0,7,0.212,0.636363636,4,0.121,0.363636364,3,0.091,1,0,0,0
41,041-01-01,2022-09-10,2022-09-10,20227902,8:04:00,8.066666667,43.180794,-79.244033,21,Mostly Cloudy,1366.216,719.155,0,Green Area,1,YES,1,YES,5,1,LARGE,9,4,2,3,0,1,1,0.395252288,MEDIUM,184,260.78,1.417,2.171,0.362620019,173,357.323,2.065,1.613,0.496865071,50,101.052,2.021,2.305,0.14051491,534,89.66677208,560,548,154,0.281,0.900584795,14,0.026,0.081871345,3,0.005,0.01754386,146,0.266,0.979865772,3,0.005,0.020134228,141,0.257,0.779005525,40,0.073,0.220994475,27,0.049,0.574468085,20,0.036,0.425531915
41,041-01-02,2022-09-10,2022-09-10,20227902,8:04:00,8.066666667,43.180794,-79.244033,21,Mostly Cloudy,1366.216,434.796,0,Green Area,1,YES,1,YES,5,1,LARGE,9,4,2,3,0,1,0,0.395252288,MEDIUM,106,139.365,1.315,2.262,0.320529628,99,206.717,2.088,1.544,0.475434457,52,88.714,1.706,1.505,0.204035916,240,69.66045366,329,315,75,0.238,0.789473684,13,0.041,0.136842105,7,0.022,0.073684211,66,0.21,0.916666667,6,0.019,0.083333333,66,0.21,0.647058824,36,0.114,0.352941176,22,0.07,0.47826087,24,0.076,0.52173913
41,041-01-03,2022-09-10,2022-09-10,20227902,8:04:00,8.066666667,43.180794,-79.244033,21,Mostly Cloudy,1366.216,235.613,0,Green Area,1,YES,1,YES,5,1,LARGE,9,4,2,3,0,1,1,0.395252288,MEDIUM,46,108.95,2.368,3.253,0.462410818,34,88.637,2.607,1.608,0.376197408,20,38.026,1.901,1.684,0.161391774,75,50.76886627,127,122,27,0.221,0.818181818,6,0.049,0.181818182,0,0,0,25,0.205,0.925925926,2,0.016,0.074074074,27,0.221,0.627906977,16,0.131,0.372093023,6,0.049,0.315789474,13,0.107,0.684210526
41,041-01-04,2022-09-10,2022-09-10,20227902,8:04:00,8.066666667,43.180794,-79.244033,21,Mostly Cloudy,1366.216,220.288,0,Green Area,1,YES,1,YES,5,1,LARGE,9,4,2,3,0,0,0,0.395252288,MEDIUM,66,96.431,1.461,1.633,0.437749673,47,84.317,1.794,1.072,0.382758026,29,39.54,1.363,1.211,0.179492301,72,51.23521947,181,177,39,0.22,0.847826087,7,0.04,0.152173913,0,0,0,36,0.203,0.947368421,2,0.011,0.052631579,39,0.22,0.6,26,0.147,0.4,5,0.028,0.178571429,23,0.13,0.821428571
42,042-01-01,2022-09-21,2022-09-21,20227913,9:13:00,9.216666667,43.176775,-79.24246,21,Mostly Cloudy,616.041,69.097,1,Commercial,0,NO,1,YES,2,0,SMALL,15,4,0,4,7,0,0,1.460941723,HIGH,30,27.283,0.909,0.598,0.394850717,28,29.849,1.066,0.639,0.431986917,13,11.965,0.92,0.565,0.173162366,30,60.30352776,91,88,23,0.261,0.821428571,4,0.045,0.142857143,1,0.011,0.035714286,22,0.25,1,0,0,0,22,0.25,0.733333333,8,0.091,0.266666667,4,0.045,0.5,4,0.045,0.5
42,042-01-01,2022-09-21,2022-09-21,20227913,9:13:00,9.216666667,43.176775,-79.24246,21,Mostly Cloudy,616.041,3.873,1,Commercial,1,YES,1,YES,2,0,SMALL,15,4,0,4,7,0,0,1.460941723,HIGH,2,1.495,0.748,0.722,0.38600568,3,2.119,0.706,0.067,0.547121095,1,0.259,0.259,NA,0.066873225,3,84.94572912,8,7,2,0.286,0.666666667,1,0.143,0.333333333,0,0,0,1,0.143,1,0,0,0,1,0.143,0.5,1,0.143,0.5,1,0.143,1,0,0,0
42,042-01-02,2022-09-21,2022-09-21,20227913,9:13:00,9.216666667,43.176775,-79.24246,21,Mostly Cloudy,616.041,155.527,1,Commercial,0,NO,1,YES,2,0,SMALL,15,4,0,4,7,0,0,1.460941723,HIGH,50,73.407,1.468,1.654,0.471988787,46,67.282,1.463,0.948,0.432606557,12,14.838,1.236,0.776,0.095404656,80,71.34151779,148,141,40,0.284,0.869565217,5,0.035,0.108695652,1,0.007,0.02173913,38,0.27,0.974358974,1,0.007,0.025641026,37,0.262,0.804347826,9,0.064,0.195652174,7,0.05,0.7,3,0.021,0.3
42,042-01-02,2022-09-21,2022-09-21,20227913,9:13:00,9.216666667,43.176775,-79.24246,21,Mostly Cloudy,616.041,41.764,1,Commercial,1,YES,1,YES,2,0,SMALL,15,4,0,4,7,0,0,1.460941723,HIGH,12,23.298,1.942,1.129,0.557848865,9,16.993,1.888,1.128,0.406881525,2,1.473,0.736,0.002,0.03526961,16,56.49385041,32,30,9,0.3,1,0,0,0,0,0,0,9,0.3,1,0,0,0,8,0.267,0.8,2,0.067,0.2,1,0.033,0.5,1,0.033,0.5
43,043-01-01,2022-09-28,2022-09-28,20227920,8:05:00,8.083333333,43.17724,-79.266689,13,Cloudy,496.986,31.505,1,Commercial,1,YES,1,YES,2,0,SMALL,48,1,0,2,45,1,0,5.794931849,HIGH,6,9.446,1.574,0.721,0.299825425,6,4.515,0.753,0.276,0.143310586,10,17.544,1.754,0.989,0.55686399,6,79.73421927,23,21,5,0.238,0.833333333,1,0.048,0.166666667,0,0,0,4,0.19,0.8,1,0.048,0.2,3,0.143,0.5,3,0.143,0.5,3,0.143,0.75,1,0.048,0.25
43,043-01-02,2022-09-28,2022-09-28,20227920,8:05:00,8.083333333,43.17724,-79.266689,13,Cloudy,496.986,18.995,1,Commercial,1,YES,1,YES,2,0,SMALL,48,1,0,2,45,0,0,5.794931849,HIGH,6,8.504,1.417,1.019,0.447696762,3,1.748,0.583,0.142,0.092024217,6,8.743,1.457,1.167,0.460279021,2,68.64988558,16,15,2,0.133,0.666666667,1,0.067,0.333333333,0,0,0,2,0.133,1,0,0,0,2,0.133,0.333333333,4,0.267,0.666666667,1,0.067,0.25,3,0.2,0.75
043-2,043-02-01,2022-09-28,2022-09-28,20227920,8:19:00,8.316666667,43.177676,-79.265514,13,Cloudy,121.524,28.739,1,Commercial,1,YES,1,YES,10,1,LARGE,4,0,0,1,3,0,0,1.974918535,HIGH,5,7.746,1.549,1.419,0.269529211,4,7.494,1.873,1.921,0.260760639,10,13.499,1.35,1.126,0.46971015,13,104.0832666,22,18,4,0.222,1,0,0,0,0,0,0,1,0.056,0.25,3,0.167,0.75,2,0.111,0.4,3,0.167,0.6,2,0.111,0.4,3,0.167,0.6
043-2,043-02-02,2022-09-28,2022-09-28,20227920,8:19:00,8.316666667,43.177676,-79.265514,13,Cloudy,121.524,38.002,1,Commercial,1,YES,1,YES,10,1,LARGE,4,0,0,1,3,0,0,1.974918535,HIGH,9,13.092,1.455,1.571,0.344508184,6,9.745,1.624,1.455,0.256433872,14,15.165,1.083,1.024,0.399057944,9,55.41303232,31,28,4,0.143,0.666666667,2,0.071,0.333333333,0,0,0,1,0.036,0.25,3,0.107,0.75,3,0.107,0.333333333,6,0.214,0.666666667,3,0.107,0.333333333,6,0.214,0.666666667
043-2,043-02-03,2022-09-28,2022-09-28,20227920,8:19:00,8.316666667,43.177676,-79.265514,13,Cloudy,121.524,33.239,1,Commercial,1,YES,1,YES,10,1,LARGE,4,0,0,1,3,0,0,1.974918535,HIGH,10,10.739,1.074,0.95,0.323084329,9,17.001,1.889,2.41,0.511477481,8,5.499,0.687,0.594,0.16543819,24,84.70089995,35,32,9,0.281,1,0,0,0,0,0,0,7,0.219,0.777777778,2,0.062,0.222222222,6,0.188,0.666666667,3,0.094,0.333333333,2,0.062,0.4,3,0.094,0.6
043-2,043-02-04,2022-09-28,2022-09-28,20227920,8:19:00,8.316666667,43.177676,-79.265514,13,Cloudy,121.524,26.996,1,Commercial,1,YES,1,YES,10,1,LARGE,4,0,0,1,3,0,0,1.974918535,HIGH,1,0.249,0.249,NA,0.009223589,3,13.75,4.583,4.141,0.509334716,7,12.997,1.857,1.264,0.481441695,22,96,11,9,2,0.222,0.666666667,0,0,0,1,0.111,0.333333333,1,0.111,0.5,1,0.111,0.5,0,0,0,1,0.111,1,3,0.333,1,0,0,0
043-2,043-02-05,2022-09-28,2022-09-28,20227920,8:19:00,8.316666667,43.177676,-79.265514,13,Cloudy,121.524,9.745,1,Commercial,1,YES,1,YES,10,1,LARGE,4,0,0,1,3,0,0,1.974918535,HIGH,0,0,0,NA,0,3,5.498,1.833,1.528,0.564186762,5,4.247,0.849,0.488,0.435813238,8,87.30447435,10,8,2,0.25,0.666666667,0,0,0,1,0.125,0.333333333,0,0,0,2,0.25,1,0,0,0,0,0,0,3,0.375,1,0,0,0
043-2,043-02-06,2022-09-28,2022-09-28,20227920,8:19:00,8.316666667,43.177676,-79.265514,13,Cloudy,121.524,21.997,1,Commercial,1,YES,1,YES,10,1,LARGE,4,0,0,1,3,0,0,1.974918535,HIGH,8,8.489,1.061,0.98,0.385916261,8,11.759,1.47,1.467,0.534572896,2,1.749,0.874,0.53,0.079510842,18,91.8445446,26,24,8,0.333,1,0,0,0,0,0,0,7,0.292,1,0,0,0,7,0.292,0.875,1,0.042,0.125,0,0,0,1,0.042,1
043-2,043-02-07,2022-09-28,2022-09-28,20227920,8:19:00,8.316666667,43.177676,-79.265514,13,Cloudy,121.524,8.5,1,Commercial,1,YES,1,YES,10,1,LARGE,4,0,0,1,3,0,0,1.974918535,HIGH,3,2.498,0.833,0.628,0.293882353,3,2.996,0.999,1.09,0.352470588,3,3.006,1.002,0.663,0.353647059,7,140.1869159,12,11,3,0.273,1,0,0,0,0,0,0,2,0.182,0.666666667,1,0.091,0.333333333,2,0.182,0.666666667,1,0.091,0.333333333,1,0.091,0.5,1,0.091,0.5
043-2,043-02-08,2022-09-28,2022-09-28,20227920,8:19:00,8.316666667,43.177676,-79.265514,13,Cloudy,121.524,7.497,1,Commercial,1,YES,1,YES,10,1,LARGE,4,0,0,1,3,0,0,1.974918535,HIGH,1,1.499,1.499,NA,0.199946645,1,1.25,1.25,NA,0.16673336,3,4.748,1.583,1.26,0.633319995,3,144,6,5,1,0.2,1,0,0,0,0,0,0,0,0,0,1,0.2,1,0,0,0,1,0.2,1,1,0.2,0.5,1,0.2,0.5
043-2,043-02-09,2022-09-28,2022-09-28,20227920,8:19:00,8.316666667,43.177676,-79.265514,13,Cloudy,121.524,20.245,1,Commercial,1,YES,1,YES,10,1,LARGE,4,0,0,1,3,0,0,1.974918535,HIGH,8,5.495,0.687,0.821,0.271425043,8,12.253,1.532,1.327,0.605235861,3,2.497,0.832,0.628,0.123339096,19,93.03843957,27,25,8,0.32,1,0,0,0,0,0,0,6,0.24,0.857142857,1,0.04,0.142857143,7,0.28,0.875,1,0.04,0.125,0,0,0,2,0.08,1
043-2,043-02-10,2022-09-28,2022-09-28,20227920,8:19:00,8.316666667,43.177676,-79.265514,13,Cloudy,121.524,18.5,1,Commercial,1,YES,1,YES,10,1,LARGE,4,0,0,1,3,0,0,1.974918535,HIGH,5,5.258,1.052,0.205,0.284216216,4,9.746,2.436,1.599,0.526810811,3,3.496,1.165,0.946,0.188972973,11,67.72009029,16,14,4,0.286,1,0,0,0,0,0,0,4,0.286,1,0,0,0,2,0.143,0.5,2,0.143,0.5,1,0.071,0.5,1,0.071,0.5
45,045-01-01,2022-09-29,2022-09-29,20227921,7:38:00,7.633333333,43.177676,-79.265514,11,Mostly Cloudy,1020.462,39.748,1,Commercial,1,YES,1,YES,2,0,SMALL,34,3,0,8,23,0,0,1.999094528,HIGH,14,15.21,1.086,1.166,0.382660763,8,7.772,0.971,0.57,0.195531851,16,16.766,1.048,0.41,0.421807387,10,77.20020587,44,41,7,0.171,0.875,1,0.024,0.125,0,0,0,4,0.098,0.571428571,3,0.073,0.428571429,5,0.122,0.357142857,9,0.22,0.642857143,3,0.073,0.25,9,0.22,0.75
45,045-01-02,2022-09-29,2022-09-29,20227921,7:38:00,7.633333333,43.177676,-79.265514,11,Mostly Cloudy,1020.462,12.999,1,Commercial,1,YES,1,YES,2,0,SMALL,34,3,0,8,23,0,0,1.999094528,HIGH,3,5.282,1.761,0.666,0.406338949,3,1.978,0.659,0.39,0.152165551,6,5.739,0.957,0.578,0.4414955,2,60.66734075,13,11,2,0.182,0.666666667,1,0.091,0.333333333,0,0,0,0,0,0,2,0.182,1,2,0.182,0.666666667,1,0.091,0.333333333,1,0.091,0.333333333,2,0.182,0.666666667
