VIDEO_ID#,ID#,DATE,Convert date,JULIAN_DATE,TIME,DECIMAL_TIME,LATITUDE,LONGITUDE,TEMPERATURE,WEATHER,TOTAL_VIDEO_DURATION,RECORDED_DURATION,CODED_ENV,GENERALIZED_ENVIRONMENT,CODED_SENTINEL_PRESENCE,SENTINEL_PRESENCE,BAIT_PRESENCE,NUMBER_OF_CROWS_RECORDED,GROUP_SIZE,BEHAVIOR,NUMBER_OF_BOUTS,BEHAVIOR_DURATION,MEAN_BOUT_DURATION,SD_BOUT_DURATION,BEHAVIOR_PROPORTION,NUMBER_OF_PECKS,PECK_RATE,TOTAL_NUMBER_OF_DISTURBANCES,NUMBER_HUMAN_DISTURBANCE,NUMBER_DOM_ANIMAL_DISTURBANCE,NUMBER_HETEROSPECIFIC_DISTURBANCE,NUMBER_VEHICLE_DISTURBANCE,TOTAL_AGGRESSION,CONSPECIFIC_AGGRESSION,TOTAL_FREQUENCY_OF_DISTURBANCES
20,020-01-01,2022-06-25,2022-06-25,20227825,6:20:00,6.33,"43°10'57.4""N","79°14'44.9""W",18,Sunny,87.711,76.187,0,Green Area,0,NO,NO,2,SMALL,HU,13,22.942,1.765,2.737,0.301,NA,NA,0,0,0,0,0,0,0,0
20,020-01-01,2022-06-25,2022-06-25,20227825,6:20:00,6.33,"43°10'57.4""N","79°14'44.9""W",18,Sunny,87.711,76.187,0,Green Area,0,NO,NO,2,SMALL,HD,14,39.764,2.84,2.444,0.522,31,46.77597827,0,0,0,0,0,0,0,0
20,020-01-01,2022-06-25,2022-06-25,20227825,6:20:00,6.33,"43°10'57.4""N","79°14'44.9""W",18,Sunny,87.711,76.187,0,Green Area,0,NO,NO,2,SMALL,M,6,13.481,2.247,2.2,0.177,NA,NA,0,0,0,0,0,0,0,0
20,020-01-02,2022-06-25,2022-06-25,20227825,6:20:00,6.33,"43°10'57.4""N","79°14'44.9""W",18,Sunny,87.711,50.024,0,Green Area,0,NO,NO,2,SMALL,HU,13,17.726,1.364,1.305,0.354,NA,NA,0,0,0,0,0,0,0,0
20,020-01-02,2022-06-25,2022-06-25,20227825,6:20:00,6.33,"43°10'57.4""N","79°14'44.9""W",18,Sunny,87.711,50.024,0,Green Area,0,NO,NO,2,SMALL,HD,9,18.773,2.086,1.17,0.375,20,63.92158952,0,0,0,0,0,0,0,0
20,020-01-02,2022-06-25,2022-06-25,20227825,6:20:00,6.33,"43°10'57.4""N","79°14'44.9""W",18,Sunny,87.711,50.024,0,Green Area,0,NO,NO,2,SMALL,M,8,13.525,1.691,1.507,0.27,NA,NA,0,0,0,0,0,0,0,0
24,024-01-01,2022-07-07,2022-07-07,20227837,6:13:00,6.22,"43°10'57.4""N","79°14'44.9""W",16,Sunny,191.497,105.97,0,Green Area,0,NO,NO,2,SMALL,HU,13,72.032,5.541,3.493,0.68,NA,NA,0,0,0,0,0,0,0,0
24,024-01-01,2022-07-07,2022-07-07,20227837,6:13:00,6.22,"43°10'57.4""N","79°14'44.9""W",16,Sunny,191.497,105.97,0,Green Area,0,NO,NO,2,SMALL,HD,8,22.149,2.769,2.421,0.209,9,24.3803332,0,0,0,0,0,0,0,0
24,024-01-01,2022-07-07,2022-07-07,20227837,6:13:00,6.22,"43°10'57.4""N","79°14'44.9""W",16,Sunny,191.497,105.97,0,Green Area,0,NO,NO,2,SMALL,M,9,11.789,1.31,0.426,0.111,NA,NA,0,0,0,0,0,0,0,0
24,024-01-01,2022-07-07,2022-07-07,20227837,6:13:00,6.22,"43°10'57.4""N","79°14'44.9""W",16,Sunny,191.497,39.524,0,Green Area,1,YES,NO,2,SMALL,HU,7,30.791,4.399,2.839,0.779,NA,NA,0,0,0,0,0,0,0,0
24,024-01-01,2022-07-07,2022-07-07,20227837,6:13:00,6.22,"43°10'57.4""N","79°14'44.9""W",16,Sunny,191.497,39.524,0,Green Area,1,YES,NO,2,SMALL,HD,3,4.223,1.408,1.22,0.107,1,14.20790907,0,0,0,0,0,0,0,0
24,024-01-01,2022-07-07,2022-07-07,20227837,6:13:00,6.22,"43°10'57.4""N","79°14'44.9""W",16,Sunny,191.497,39.524,0,Green Area,1,YES,NO,2,SMALL,M,4,4.51,1.127,0.476,0.114,NA,NA,0,0,0,0,0,0,0,0
24,024-01-02,2022-07-07,2022-07-07,20227837,6:13:00,6.22,"43°10'57.4""N","79°14'44.9""W",16,Sunny,191.497,41.965,0,Green Area,0,NO,NO,2,SMALL,HU,10,19.016,1.902,0.939,0.453,NA,NA,0,0,0,0,0,0,0,0
24,024-01-02,2022-07-07,2022-07-07,20227837,6:13:00,6.22,"43°10'57.4""N","79°14'44.9""W",16,Sunny,191.497,41.965,0,Green Area,0,NO,NO,2,SMALL,HD,6,9.251,1.542,1.068,0.22,2,12.97157064,0,0,0,0,0,0,0,0
24,024-01-02,2022-07-07,2022-07-07,20227837,6:13:00,6.22,"43°10'57.4""N","79°14'44.9""W",16,Sunny,191.497,41.965,0,Green Area,0,NO,NO,2,SMALL,M,10,13.698,1.37,0.742,0.326,NA,NA,0,0,0,0,0,0,0,0
25,025-01-01,2022-07-07,2022-07-07,20227837,6:18:00,6.3,"43°10'57.4""N","79°14'44.9""W",16,Sunny,2110.092,83.445,0,Green Area,0,NO,YES,1,SMALL,HU,21,29.477,1.404,0.993,0.353,NA,NA,5,4,1,0,0,0,0,0.14
25,025-01-01,2022-07-07,2022-07-07,20227837,6:18:00,6.3,"43°10'57.4""N","79°14'44.9""W",16,Sunny,2110.092,83.445,0,Green Area,0,NO,YES,1,SMALL,HD,17,31.081,1.828,1.526,0.372,36,69.49583347,5,4,1,0,0,0,0,0.14
25,025-01-01,2022-07-07,2022-07-07,20227837,6:18:00,6.3,"43°10'57.4""N","79°14'44.9""W",16,Sunny,2110.092,83.445,0,Green Area,0,NO,YES,1,SMALL,M,11,22.887,2.081,1.319,0.274,NA,NA,5,4,1,0,0,0,0,0.14
26,026-01-01,2022-07-13,2022-07-13,20227843,6:31:00,6.52,"43°10'57.4""N","79°14'44.9""W",19,Mostly Cloudy,1075.363,112.468,0,Green Area,1,YES,YES,1,SMALL,HU,39,48.494,1.243,1.118,0.431,NA,NA,4,2,2,0,0,0,0,0.22
26,026-01-01,2022-07-13,2022-07-13,20227843,6:31:00,6.52,"43°10'57.4""N","79°14'44.9""W",19,Mostly Cloudy,1075.363,112.468,0,Green Area,1,YES,YES,1,SMALL,HD,36,53.355,1.482,0.648,0.474,56,62.97441664,4,2,2,0,0,0,0,0.22
26,026-01-01,2022-07-13,2022-07-13,20227843,6:31:00,6.52,"43°10'57.4""N","79°14'44.9""W",19,Mostly Cloudy,1075.363,112.468,0,Green Area,1,YES,YES,1,SMALL,M,10,10.619,1.062,0.634,0.094,NA,NA,4,2,2,0,0,0,0,0.22
27,027-01-01,2022-07-19,2022-07-19,20227849,6:30:00,6.5,"43°10'57.4""N","79°14'44.9""W",22,Sunny,1199.73,140.19,0,Green Area,0,NO,YES,1,SMALL,HU,22,77.506,3.523,5.337,0.553,NA,NA,1,1,0,0,0,0,0,0.05
27,027-01-01,2022-07-19,2022-07-19,20227849,6:30:00,6.5,"43°10'57.4""N","79°14'44.9""W",22,Sunny,1199.73,140.19,0,Green Area,0,NO,YES,1,SMALL,HD,19,52.181,2.746,2.244,0.372,38,43.69406489,1,1,0,0,0,0,0,0.05
27,027-01-01,2022-07-19,2022-07-19,20227849,6:30:00,6.5,"43°10'57.4""N","79°14'44.9""W",22,Sunny,1199.73,140.19,0,Green Area,0,NO,YES,1,SMALL,M,7,10.503,1.5,1.053,0.075,NA,NA,1,1,0,0,0,0,0,0.05
28,028-01-01,2022-07-20,2022-07-20,20227850,6:34:00,6.57,"43°10'57.4""N","79°14'44.9""W",24,Sunny,898.24,71.573,0,Green Area,1,YES,YES,1,SMALL,HU,11,39.47,3.588,4.286,0.551,NA,NA,1,1,0,0,0,0,0,0.07
28,028-01-01,2022-07-20,2022-07-20,20227850,6:34:00,6.57,"43°10'57.4""N","79°14'44.9""W",24,Sunny,898.24,71.573,0,Green Area,1,YES,YES,1,SMALL,HD,8,12.647,1.581,1.111,0.177,8,37.9536649,1,1,0,0,0,0,0,0.07
28,028-01-01,2022-07-20,2022-07-20,20227850,6:34:00,6.57,"43°10'57.4""N","79°14'44.9""W",24,Sunny,898.24,71.573,0,Green Area,1,YES,YES,1,SMALL,M,8,19.456,2.432,2.295,0.272,NA,NA,1,1,0,0,0,0,0,0.07
29,029-01-01,2022-07-22,2022-07-22,20227852,6:30:00,6.5,"43°10'57.4""N","79°14'44.9""W",21,Partly Cloudy,1199.57,191.738,0,Green Area,0,NO,YES,2,SMALL,HU,43,98.389,2.288,4.864,0.513,NA,NA,3,2,1,0,0,0,0,0.15
29,029-01-01,2022-07-22,2022-07-22,20227852,6:30:00,6.5,"43°10'57.4""N","79°14'44.9""W",21,Partly Cloudy,1199.57,191.738,0,Green Area,0,NO,YES,2,SMALL,HD,40,65.42,1.635,1.204,0.341,63,57.78049526,3,2,1,0,0,0,0,0.15
29,029-01-01,2022-07-22,2022-07-22,20227852,6:30:00,6.5,"43°10'57.4""N","79°14'44.9""W",21,Partly Cloudy,1199.57,191.738,0,Green Area,0,NO,YES,2,SMALL,M,12,27.929,2.327,1.983,0.146,NA,NA,3,2,1,0,0,0,0,0.15
29,029-01-01,2022-07-22,2022-07-22,20227852,6:30:00,6.5,"43°10'57.4""N","79°14'44.9""W",21,Partly Cloudy,1199.57,57.005,0,Green Area,1,YES,YES,2,SMALL,HU,18,25.946,1.441,1.209,0.455,NA,NA,3,2,1,0,0,0,0,0.15
29,029-01-01,2022-07-22,2022-07-22,20227852,6:30:00,6.5,"43°10'57.4""N","79°14'44.9""W",21,Partly Cloudy,1199.57,57.005,0,Green Area,1,YES,YES,2,SMALL,HD,15,17.647,1.176,0.463,0.31,17,57.80019267,3,2,1,0,0,0,0,0.15
29,029-01-01,2022-07-22,2022-07-22,20227852,6:30:00,6.5,"43°10'57.4""N","79°14'44.9""W",21,Partly Cloudy,1199.57,57.005,0,Green Area,1,YES,YES,2,SMALL,M,7,13.412,1.916,1.592,0.235,NA,NA,3,2,1,0,0,0,0,0.15
29,029-01-02,2022-07-22,2022-07-22,20227852,6:30:00,6.5,"43°10'57.4""N","79°14'44.9""W",21,Partly Cloudy,1199.57,163.845,0,Green Area,0,NO,YES,2,SMALL,HU,30,67.849,2.262,1.685,0.414,NA,NA,3,2,1,0,0,0,0,0.15
29,029-01-02,2022-07-22,2022-07-22,20227852,6:30:00,6.5,"43°10'57.4""N","79°14'44.9""W",21,Partly Cloudy,1199.57,163.845,0,Green Area,0,NO,YES,2,SMALL,HD,19,53.024,2.791,1.641,0.324,53,59.97284249,3,2,1,0,0,0,0,0.15
29,029-01-02,2022-07-22,2022-07-22,20227852,6:30:00,6.5,"43°10'57.4""N","79°14'44.9""W",21,Partly Cloudy,1199.57,163.845,0,Green Area,0,NO,YES,2,SMALL,M,23,42.972,1.868,1.878,0.262,NA,NA,3,2,1,0,0,0,0,0.15
30,030-01-01,2022-07-23,2022-07-23,20227853,6:27:00,6.45,"43°10'57.4""N","79°14'44.9""W",22,Mostly Sunny,1129.042,123.993,0,Green Area,1,YES,YES,1,SMALL,HU,37,40.548,1.096,1.226,0.327,NA,NA,0,0,0,0,0,0,0,0
30,030-01-01,2022-07-23,2022-07-23,20227853,6:27:00,6.45,"43°10'57.4""N","79°14'44.9""W",22,Mostly Sunny,1129.042,123.993,0,Green Area,1,YES,YES,1,SMALL,HD,34,51.97,1.529,0.822,0.419,27,31.1718299,0,0,0,0,0,0,0,0
30,030-01-01,2022-07-23,2022-07-23,20227853,6:27:00,6.45,"43°10'57.4""N","79°14'44.9""W",22,Mostly Sunny,1129.042,123.993,0,Green Area,1,YES,YES,1,SMALL,M,19,31.475,1.657,1.267,0.254,NA,NA,0,0,0,0,0,0,0,0
31,031-01-01,2022-07-26,2022-07-26,20227856,6:37:00,6.62,"43°10'57.4""N","79°14'44.9""W",18,Mostly Cloudy,1199.756,157.903,0,Green Area,1,YES,YES,1,SMALL,HU,56,64.019,1.143,0.873,0.405,NA,NA,2,2,0,0,0,0,0,0.1
31,031-01-01,2022-07-26,2022-07-26,20227856,6:37:00,6.62,"43°10'57.4""N","79°14'44.9""W",18,Mostly Cloudy,1199.756,157.903,0,Green Area,1,YES,YES,1,SMALL,HD,54,70.252,1.301,0.757,0.445,84,71.74172977,2,2,0,0,0,0,0,0.1
31,031-01-01,2022-07-26,2022-07-26,20227856,6:37:00,6.62,"43°10'57.4""N","79°14'44.9""W",18,Mostly Cloudy,1199.756,157.903,0,Green Area,1,YES,YES,1,SMALL,M,26,23.632,0.909,0.878,0.15,NA,NA,2,2,0,0,0,0,0,0.1
32,032-01-01,2022-07-27,2022-07-27,20227857,6:21:00,6.35,"43°10'18.4""N","79°15'54.9""W",17,Mostly Sunny,619.355,311.71,1,Commercial,0,NO,NO,4,SMALL,HU,73,109.615,1.502,1.632,0.352,NA,NA,3,2,0,0,1,1,1,0.29
32,032-01-01,2022-07-27,2022-07-27,20227857,6:21:00,6.35,"43°10'18.4""N","79°15'54.9""W",17,Mostly Sunny,619.355,311.71,1,Commercial,0,NO,NO,4,SMALL,HD,57,100.146,1.757,1.25,0.321,123,73.69240908,3,2,0,0,1,1,1,0.29
32,032-01-01,2022-07-27,2022-07-27,20227857,6:21:00,6.35,"43°10'18.4""N","79°15'54.9""W",17,Mostly Sunny,619.355,311.71,1,Commercial,0,NO,NO,4,SMALL,M,59,101.949,1.728,1.814,0.327,NA,NA,3,2,0,0,1,1,1,0.29
32,032-01-02,2022-07-27,2022-07-27,20227857,6:21:00,6.35,"43°10'18.4""N","79°15'54.9""W",17,Mostly Sunny,619.355,227.938,1,Commercial,0,NO,NO,4,SMALL,HU,54,83.359,1.544,1.306,0.366,NA,NA,3,2,0,0,1,1,1,0.29
32,032-01-02,2022-07-27,2022-07-27,20227857,6:21:00,6.35,"43°10'18.4""N","79°15'54.9""W",17,Mostly Sunny,619.355,227.938,1,Commercial,0,NO,NO,4,SMALL,HD,39,66.218,1.698,1.151,0.291,52,47.11709807,3,2,0,0,1,1,1,0.29
32,032-01-02,2022-07-27,2022-07-27,20227857,6:21:00,6.35,"43°10'18.4""N","79°15'54.9""W",17,Mostly Sunny,619.355,227.938,1,Commercial,0,NO,NO,4,SMALL,M,66,78.361,1.187,1.019,0.344,NA,NA,3,2,0,0,1,1,1,0.29
32,032-01-03,2022-07-27,2022-07-27,20227857,6:21:00,6.35,"43°10'18.4""N","79°15'54.9""W",17,Mostly Sunny,619.355,128.815,1,Commercial,0,NO,NO,4,SMALL,HU,31,50.813,1.639,1.059,0.394,NA,NA,3,2,0,0,1,0,0,0.29
32,032-01-03,2022-07-27,2022-07-27,20227857,6:21:00,6.35,"43°10'18.4""N","79°15'54.9""W",17,Mostly Sunny,619.355,128.815,1,Commercial,0,NO,NO,4,SMALL,HD,21,35.231,1.678,1.34,0.274,32,54.49745962,3,2,0,0,1,0,0,0.29
32,032-01-03,2022-07-27,2022-07-27,20227857,6:21:00,6.35,"43°10'18.4""N","79°15'54.9""W",17,Mostly Sunny,619.355,128.815,1,Commercial,0,NO,NO,4,SMALL,M,28,42.771,1.528,1.231,0.332,NA,NA,3,2,0,0,1,0,0,0.29
32,032-01-04,2022-07-27,2022-07-27,20227857,6:21:00,6.35,"43°10'18.4""N","79°15'54.9""W",17,Mostly Sunny,619.355,102.779,1,Commercial,0,NO,NO,4,SMALL,HU,28,50.307,1.797,2.192,0.489,NA,NA,3,2,0,0,1,0,0,0.29
32,032-01-04,2022-07-27,2022-07-27,20227857,6:21:00,6.35,"43°10'18.4""N","79°15'54.9""W",17,Mostly Sunny,619.355,102.779,1,Commercial,0,NO,NO,4,SMALL,HD,11,12.239,1.113,0.606,0.119,11,53.92597434,3,2,0,0,1,0,0,0.29
32,032-01-04,2022-07-27,2022-07-27,20227857,6:21:00,6.35,"43°10'18.4""N","79°15'54.9""W",17,Mostly Sunny,619.355,102.779,1,Commercial,0,NO,NO,4,SMALL,M,25,40.233,1.609,1.477,0.391,NA,NA,3,2,0,0,1,0,0,0.29
33,033-01-01,2022-08-02,2022-08-02,20227863,8:32:00,8.53,"43°06'52.3""N","79°06'48.3""W",20,Partly Cloudy,1199.741,271.96,1,Commercial,0,NO,YES,2,SMALL,HU,86,76.081,0.885,0.605,0.28,NA,NA,0,0,0,0,0,0,0,0
33,033-01-01,2022-08-02,2022-08-02,20227863,8:32:00,8.53,"43°06'52.3""N","79°06'48.3""W",20,Partly Cloudy,1199.741,271.96,1,Commercial,0,NO,YES,2,SMALL,HD,81,91.894,1.134,0.642,0.338,114,74.43358652,0,0,0,0,0,0,0,0
33,033-01-01,2022-08-02,2022-08-02,20227863,8:32:00,8.53,"43°06'52.3""N","79°06'48.3""W",20,Partly Cloudy,1199.741,271.96,1,Commercial,0,NO,YES,2,SMALL,M,27,103.985,3.851,3.664,0.382,NA,NA,0,0,0,0,0,0,0,0
33,033-01-01,2022-08-02,2022-08-02,20227863,8:32:00,8.53,"43°06'52.3""N","79°06'48.3""W",20,Partly Cloudy,1199.741,111.713,1,Commercial,1,YES,YES,2,SMALL,HU,23,25.415,1.105,0.85,0.228,NA,NA,0,0,0,0,0,0,0,0
33,033-01-01,2022-08-02,2022-08-02,20227863,8:32:00,8.53,"43°06'52.3""N","79°06'48.3""W",20,Partly Cloudy,1199.741,111.713,1,Commercial,1,YES,YES,2,SMALL,HD,21,39.706,1.891,0.963,0.355,44,66.48869189,0,0,0,0,0,0,0,0
33,033-01-01,2022-08-02,2022-08-02,20227863,8:32:00,8.53,"43°06'52.3""N","79°06'48.3""W",20,Partly Cloudy,1199.741,111.713,1,Commercial,1,YES,YES,2,SMALL,M,7,46.592,6.656,8.047,0.417,NA,NA,0,0,0,0,0,0,0,0
33,033-01-02,2022-08-02,2022-08-02,20227863,8:32:00,8.53,"43°06'52.3""N","79°06'48.3""W",20,Partly Cloudy,1199.741,82.291,1,Commercial,0,NO,YES,2,SMALL,HU,12,13.992,1.166,0.763,0.17,NA,NA,0,0,0,0,0,0,0,0
33,033-01-02,2022-08-02,2022-08-02,20227863,8:32:00,8.53,"43°06'52.3""N","79°06'48.3""W",20,Partly Cloudy,1199.741,82.291,1,Commercial,0,NO,YES,2,SMALL,HD,8,9.011,1.126,0.656,0.11,8,53.26822772,0,0,0,0,0,0,0,0
33,033-01-02,2022-08-02,2022-08-02,20227863,8:32:00,8.53,"43°06'52.3""N","79°06'48.3""W",20,Partly Cloudy,1199.741,82.291,1,Commercial,0,NO,YES,2,SMALL,M,26,59.288,2.28,2.41,0.72,NA,NA,0,0,0,0,0,0,0,0
34,034-01-01,2022-08-03,2022-08-03,20227864,7:46:00,7.77,"43°06'52.3""N","79°06'48.3""W",23,Sunny,1199.612,91.58,1,Commercial,0,NO,YES,1,SMALL,HU,18,46.437,2.58,2.849,0.507,NA,NA,0,0,0,0,0,0,0,0
34,034-01-01,2022-08-03,2022-08-03,20227864,7:46:00,7.77,"43°06'52.3""N","79°06'48.3""W",23,Sunny,1199.612,91.58,1,Commercial,0,NO,YES,1,SMALL,HD,11,14.415,1.31,1.091,0.157,18,74.9219563,0,0,0,0,0,0,0,0
34,034-01-01,2022-08-03,2022-08-03,20227864,7:46:00,7.77,"43°06'52.3""N","79°06'48.3""W",23,Sunny,1199.612,91.58,1,Commercial,0,NO,YES,1,SMALL,M,16,30.728,1.92,2.056,0.336,NA,NA,0,0,0,0,0,0,0,0
35,035-01-01,2022-08-24,2022-08-24,20227885,8:25:00,8.42,"43°12'51.3""N","79°12'48.4""W",21,Sunny,499.999,40.99,0,Green Area,1,YES,NO,3,SMALL,HU,14,14.27,1.019,0.544,0.348,NA,NA,25,0,0,0,25,0,0,3
35,035-01-01,2022-08-24,2022-08-24,20227885,8:25:00,8.42,"43°12'51.3""N","79°12'48.4""W",21,Sunny,499.999,40.99,0,Green Area,1,YES,NO,3,SMALL,HD,12,13.974,1.165,0.423,0.341,23,98.7548304,25,0,0,0,25,0,0,3
35,035-01-01,2022-08-24,2022-08-24,20227885,8:25:00,8.42,"43°12'51.3""N","79°12'48.4""W",21,Sunny,499.999,40.99,0,Green Area,1,YES,NO,3,SMALL,M,9,12.746,1.416,0.743,0.311,NA,NA,25,0,0,0,25,0,0,3
35,035-01-02,2022-08-24,2022-08-24,20227885,8:25:00,8.42,"43°12'51.3""N","79°12'48.4""W",21,Sunny,499.999,35.796,0,Green Area,1,YES,NO,3,SMALL,HU,9,6.261,0.696,0.302,0.175,NA,NA,25,0,0,0,25,0,0,3
35,035-01-02,2022-08-24,2022-08-24,20227885,8:25:00,8.42,"43°12'51.3""N","79°12'48.4""W",21,Sunny,499.999,35.796,0,Green Area,1,YES,NO,3,SMALL,HD,7,14.001,2,1.406,0.391,21,89.99357189,25,0,0,0,25,0,0,3
35,035-01-02,2022-08-24,2022-08-24,20227885,8:25:00,8.42,"43°12'51.3""N","79°12'48.4""W",21,Sunny,499.999,35.796,0,Green Area,1,YES,NO,3,SMALL,M,12,15.534,1.294,1.055,0.434,NA,NA,25,0,0,0,25,0,0,3
35,035-01-03,2022-08-24,2022-08-24,20227885,8:25:00,8.42,"43°12'51.3""N","79°12'48.4""W",21,Sunny,499.999,2.959,0,Green Area,1,YES,NO,3,SMALL,HU,0,0,0,0,0,NA,NA,25,0,0,0,25,0,0,3
35,035-01-03,2022-08-24,2022-08-24,20227885,8:25:00,8.42,"43°12'51.3""N","79°12'48.4""W",21,Sunny,499.999,2.959,0,Green Area,1,YES,NO,3,SMALL,HD,0,0,0,0,0,0,0,25,0,0,0,25,0,0,3
35,035-01-03,2022-08-24,2022-08-24,20227885,8:25:00,8.42,"43°12'51.3""N","79°12'48.4""W",21,Sunny,499.999,2.959,0,Green Area,1,YES,NO,3,SMALL,M,2,2.959,1.479,0.723,1,NA,NA,25,0,0,0,25,0,0,3
36,036-01-01,2022-08-27,2022-08-27,20227888,7:48:00,7.8,"43°10'57.4""N","79°14'44.9""W",18,Sunny,1199.738,86.811,0,Green Area,0,NO,YES,2,SMALL,HU,26,36.731,1.413,1.484,0.423,NA,NA,5,4,1,0,0,0,0,0.25
36,036-01-01,2022-08-27,2022-08-27,20227888,7:48:00,7.8,"43°10'57.4""N","79°14'44.9""W",18,Sunny,1199.738,86.811,0,Green Area,0,NO,YES,2,SMALL,HD,26,49.351,1.898,1.294,0.568,65,79.02575429,5,4,1,0,0,0,0,0.25
36,036-01-01,2022-08-27,2022-08-27,20227888,7:48:00,7.8,"43°10'57.4""N","79°14'44.9""W",18,Sunny,1199.738,86.811,0,Green Area,0,NO,YES,2,SMALL,M,1,0.729,0.729,NA,0.008,NA,NA,5,4,1,0,0,0,0,0.25
36,036-01-01,2022-08-27,2022-08-27,20227888,7:48:00,7.8,"43°10'57.4""N","79°14'44.9""W",18,Sunny,1199.738,269.338,0,Green Area,1,YES,YES,2,SMALL,HU,57,75.855,1.331,1.131,0.282,NA,NA,5,4,1,0,0,0,0,0.25
36,036-01-01,2022-08-27,2022-08-27,20227888,7:48:00,7.8,"43°10'57.4""N","79°14'44.9""W",18,Sunny,1199.738,269.338,0,Green Area,1,YES,YES,2,SMALL,HD,55,132.19,2.403,1.593,0.491,85,38.58083062,5,4,1,0,0,0,0,0.25
36,036-01-01,2022-08-27,2022-08-27,20227888,7:48:00,7.8,"43°10'57.4""N","79°14'44.9""W",18,Sunny,1199.738,269.338,0,Green Area,1,YES,YES,2,SMALL,M,28,61.293,2.189,1.889,0.228,NA,NA,5,4,1,0,0,0,0,0.25
36,036-01-02,2022-08-27,2022-08-27,20227888,7:48:00,7.8,"43°10'57.4""N","79°14'44.9""W",18,Sunny,1199.738,128.067,0,Green Area,0,NO,YES,2,SMALL,HU,32,49.509,1.547,1.846,0.387,NA,NA,5,4,1,0,0,0,0,0.25
36,036-01-02,2022-08-27,2022-08-27,20227888,7:48:00,7.8,"43°10'57.4""N","79°14'44.9""W",18,Sunny,1199.738,128.067,0,Green Area,0,NO,YES,2,SMALL,HD,26,43.118,1.658,0.959,0.337,55,76.53416207,5,4,1,0,0,0,0,0.25
36,036-01-02,2022-08-27,2022-08-27,20227888,7:48:00,7.8,"43°10'57.4""N","79°14'44.9""W",18,Sunny,1199.738,128.067,0,Green Area,0,NO,YES,2,SMALL,M,18,35.44,1.969,1.757,0.277,NA,NA,5,4,1,0,0,0,0,0.25
37,037-01-01,2022-08-27,2022-08-27,20227888,8:23:00,8.38,"43°10'42.9""N","79°14'21.0""W",18,Sunny,230.462,98.369,0,Green Area,1,YES,NO,2,SMALL,HU,17,24.227,1.425,1.32,0.246,NA,NA,0,0,0,0,0,0,0,0
37,037-01-01,2022-08-27,2022-08-27,20227888,8:23:00,8.38,"43°10'42.9""N","79°14'21.0""W",18,Sunny,230.462,98.369,0,Green Area,1,YES,NO,2,SMALL,HD,17,51.674,3.04,3.793,0.525,23,26.70588691,0,0,0,0,0,0,0,0
37,037-01-01,2022-08-27,2022-08-27,20227888,8:23:00,8.38,"43°10'42.9""N","79°14'21.0""W",18,Sunny,230.462,98.369,0,Green Area,1,YES,NO,2,SMALL,M,11,22.468,2.043,1.8,0.228,NA,NA,0,0,0,0,0,0,0,0
37,037-01-02,2022-08-27,2022-08-27,20227888,8:23:00,8.38,"43°10'42.9""N","79°14'21.0""W",18,Sunny,230.462,97.634,0,Green Area,1,YES,NO,2,SMALL,HU,9,21.75,2.417,4.683,0.223,NA,NA,0,0,0,0,0,0,0,0
37,037-01-02,2022-08-27,2022-08-27,20227888,8:23:00,8.38,"43°10'42.9""N","79°14'21.0""W",18,Sunny,230.462,97.634,0,Green Area,1,YES,NO,2,SMALL,HD,12,33.709,2.809,1.634,0.345,21,37.37874158,0,0,0,0,0,0,0,0
37,037-01-02,2022-08-27,2022-08-27,20227888,8:23:00,8.38,"43°10'42.9""N","79°14'21.0""W",18,Sunny,230.462,97.634,0,Green Area,1,YES,NO,2,SMALL,M,14,42.175,3.012,5.182,0.432,NA,NA,0,0,0,0,0,0,0,0
037-2,037-02-01,2022-08-27,2022-08-27,20227888,8:38:00,8.63,"43°10'40.0""N","79°14'21.0""W",18,Sunny,600.281,130.714,1,Commercial,1,YES,YES,7,LARGE,HU,29,55.24,1.905,2.544,0.423,NA,NA,0,0,0,0,0,3,2,0
037-2,037-02-01,2022-08-27,2022-08-27,20227888,8:38:00,8.63,"43°10'40.0""N","79°14'21.0""W",18,Sunny,600.281,130.714,1,Commercial,1,YES,YES,7,LARGE,HD,22,34.049,1.548,0.971,0.26,34,59.91365385,0,0,0,0,0,3,2,0
037-2,037-02-01,2022-08-27,2022-08-27,20227888,8:38:00,8.63,"43°10'40.0""N","79°14'21.0""W",18,Sunny,600.281,130.714,1,Commercial,1,YES,YES,7,LARGE,M,23,41.425,1.801,1.901,0.317,NA,NA,0,0,0,0,0,3,2,0
037-2,037-02-02,2022-08-27,2022-08-27,20227888,8:38:00,8.63,"43°10'40.0""N","79°14'21.0""W",18,Sunny,600.281,42.67,1,Commercial,0,NO,YES,7,LARGE,HU,3,16.754,5.585,5.824,0.393,NA,NA,0,0,0,0,0,0,0,0
037-2,037-02-02,2022-08-27,2022-08-27,20227888,8:38:00,8.63,"43°10'40.0""N","79°14'21.0""W",18,Sunny,600.281,42.67,1,Commercial,0,NO,YES,7,LARGE,HD,0,0,0,NA,0,0,0,0,0,0,0,0,0,0,0
037-2,037-02-02,2022-08-27,2022-08-27,20227888,8:38:00,8.63,"43°10'40.0""N","79°14'21.0""W",18,Sunny,600.281,42.67,1,Commercial,0,NO,YES,7,LARGE,M,5,25.916,5.183,4.19,0.607,NA,NA,0,0,0,0,0,0,0,0
037-2,037-02-02,2022-08-27,2022-08-27,20227888,8:38:00,8.63,"43°10'40.0""N","79°14'21.0""W",18,Sunny,600.281,125.683,1,Commercial,1,YES,YES,7,LARGE,HU,23,53.724,2.336,2.299,0.427,NA,NA,0,0,0,0,0,0,0,0
037-2,037-02-02,2022-08-27,2022-08-27,20227888,8:38:00,8.63,"43°10'40.0""N","79°14'21.0""W",18,Sunny,600.281,125.683,1,Commercial,1,YES,YES,7,LARGE,HD,11,14.01,1.274,0.929,0.111,10,42.82655246,0,0,0,0,0,0,0,0
037-2,037-02-02,2022-08-27,2022-08-27,20227888,8:38:00,8.63,"43°10'40.0""N","79°14'21.0""W",18,Sunny,600.281,125.683,1,Commercial,1,YES,YES,7,LARGE,M,27,57.949,2.146,1.831,0.461,NA,NA,0,0,0,0,0,0,0,0
037-2,037-02-03,2022-08-27,2022-08-27,20227888,8:38:00,8.63,"43°10'40.0""N","79°14'21.0""W",18,Sunny,600.281,42.675,1,Commercial,0,NO,YES,7,LARGE,HU,2,40.416,20.208,4.728,0.947,NA,NA,0,0,0,0,0,0,0,0
037-2,037-02-03,2022-08-27,2022-08-27,20227888,8:38:00,8.63,"43°10'40.0""N","79°14'21.0""W",18,Sunny,600.281,42.675,1,Commercial,0,NO,YES,7,LARGE,HD,1,2.259,2.259,NA,0.053,3,79.6812749,0,0,0,0,0,0,0,0
037-2,037-02-03,2022-08-27,2022-08-27,20227888,8:38:00,8.63,"43°10'40.0""N","79°14'21.0""W",18,Sunny,600.281,42.675,1,Commercial,0,NO,YES,7,LARGE,M,0,0,0,NA,0,NA,NA,0,0,0,0,0,0,0,0
037-2,037-02-03,2022-08-27,2022-08-27,20227888,8:38:00,8.63,"43°10'40.0""N","79°14'21.0""W",18,Sunny,600.281,325.803,1,Commercial,1,YES,YES,7,LARGE,HU,57,178.104,3.125,2.7,0.547,NA,NA,0,0,0,0,0,2,1,0
037-2,037-02-03,2022-08-27,2022-08-27,20227888,8:38:00,8.63,"43°10'40.0""N","79°14'21.0""W",18,Sunny,600.281,325.803,1,Commercial,1,YES,YES,7,LARGE,HD,48,101.343,2.111,1.399,0.311,99,58.6128297,0,0,0,0,0,2,1,0
037-2,037-02-03,2022-08-27,2022-08-27,20227888,8:38:00,8.63,"43°10'40.0""N","79°14'21.0""W",18,Sunny,600.281,325.803,1,Commercial,1,YES,YES,7,LARGE,M,21,46.356,2.207,2.425,0.142,NA,NA,0,0,0,0,0,2,1,0
037-2,037-02-04,2022-08-27,2022-08-27,20227888,8:38:00,8.63,"43°10'40.0""N","79°14'21.0""W",18,Sunny,600.281,37.567,1,Commercial,0,NO,YES,7,LARGE,HU,7,10.803,1.543,0.917,0.288,NA,NA,0,0,0,0,0,0,0,0
037-2,037-02-04,2022-08-27,2022-08-27,20227888,8:38:00,8.63,"43°10'40.0""N","79°14'21.0""W",18,Sunny,600.281,37.567,1,Commercial,0,NO,YES,7,LARGE,HD,5,24.005,4.801,3.543,0.639,17,42.49114768,0,0,0,0,0,0,0,0
037-2,037-02-04,2022-08-27,2022-08-27,20227888,8:38:00,8.63,"43°10'40.0""N","79°14'21.0""W",18,Sunny,600.281,37.567,1,Commercial,0,NO,YES,7,LARGE,M,3,2.759,0.92,0.384,0.073,NA,NA,0,0,0,0,0,0,0,0
037-2,037-02-04,2022-08-27,2022-08-27,20227888,8:38:00,8.63,"43°10'40.0""N","79°14'21.0""W",18,Sunny,600.281,142.682,1,Commercial,1,YES,YES,7,LARGE,HU,33,70.176,2.127,3.5,0.492,NA,NA,0,0,0,0,0,1,1,0
037-2,037-02-04,2022-08-27,2022-08-27,20227888,8:38:00,8.63,"43°10'40.0""N","79°14'21.0""W",18,Sunny,600.281,142.682,1,Commercial,1,YES,YES,7,LARGE,HD,24,55.718,2.322,1.868,0.391,65,69.99533364,0,0,0,0,0,1,1,0
037-2,037-02-04,2022-08-27,2022-08-27,20227888,8:38:00,8.63,"43°10'40.0""N","79°14'21.0""W",18,Sunny,600.281,142.682,1,Commercial,1,YES,YES,7,LARGE,M,16,16.788,1.049,0.433,0.118,NA,NA,0,0,0,0,0,1,1,0
037-2,037-02-05,2022-08-27,2022-08-27,20227888,8:38:00,8.63,"43°10'40.0""N","79°14'21.0""W",18,Sunny,600.281,42.125,1,Commercial,0,NO,YES,7,LARGE,HU,6,24.953,4.159,4.022,0.592,NA,NA,0,0,0,0,0,0,0,0
037-2,037-02-05,2022-08-27,2022-08-27,20227888,8:38:00,8.63,"43°10'40.0""N","79°14'21.0""W",18,Sunny,600.281,42.125,1,Commercial,0,NO,YES,7,LARGE,HD,5,11.998,2.4,1.958,0.285,17,85.01416903,0,0,0,0,0,0,0,0
037-2,037-02-05,2022-08-27,2022-08-27,20227888,8:38:00,8.63,"43°10'40.0""N","79°14'21.0""W",18,Sunny,600.281,42.125,1,Commercial,0,NO,YES,7,LARGE,M,3,5.174,1.725,1.05,0.123,NA,NA,0,0,0,0,0,0,0,0
037-2,037-02-05,2022-08-27,2022-08-27,20227888,8:38:00,8.63,"43°10'40.0""N","79°14'21.0""W",18,Sunny,600.281,230.094,1,Commercial,1,YES,YES,7,LARGE,HU,42,133.132,3.17,3.16,0.579,NA,NA,0,0,0,0,0,0,0,0
037-2,037-02-05,2022-08-27,2022-08-27,20227888,8:38:00,8.63,"43°10'40.0""N","79°14'21.0""W",18,Sunny,600.281,230.094,1,Commercial,1,YES,YES,7,LARGE,HD,20,29.7,1.485,0.706,0.129,28,56.56565657,0,0,0,0,0,0,0,0
037-2,037-02-05,2022-08-27,2022-08-27,20227888,8:38:00,8.63,"43°10'40.0""N","79°14'21.0""W",18,Sunny,600.281,230.094,1,Commercial,1,YES,YES,7,LARGE,M,37,67.262,1.818,1.297,0.292,NA,NA,0,0,0,0,0,0,0,0
037-2,037-02-06,2022-08-27,2022-08-27,20227888,8:38:00,8.63,"43°10'40.0""N","79°14'21.0""W",18,Sunny,600.281,42.647,1,Commercial,0,NO,YES,7,LARGE,HU,15,18.324,1.222,1.111,0.43,NA,NA,0,0,0,0,0,0,0,0
037-2,037-02-06,2022-08-27,2022-08-27,20227888,8:38:00,8.63,"43°10'40.0""N","79°14'21.0""W",18,Sunny,600.281,42.647,1,Commercial,0,NO,YES,7,LARGE,HD,15,21.577,1.438,0.761,0.506,15,41.71108124,0,0,0,0,0,0,0,0
037-2,037-02-06,2022-08-27,2022-08-27,20227888,8:38:00,8.63,"43°10'40.0""N","79°14'21.0""W",18,Sunny,600.281,42.647,1,Commercial,0,NO,YES,7,LARGE,M,1,2.746,2.746,NA,0.064,NA,NA,0,0,0,0,0,0,0,0
037-2,037-02-06,2022-08-27,2022-08-27,20227888,8:38:00,8.63,"43°10'40.0""N","79°14'21.0""W",18,Sunny,600.281,186.998,1,Commercial,1,YES,YES,7,LARGE,HU,39,60.244,1.545,3.08,0.322,NA,NA,0,0,0,0,0,0,0,0
037-2,037-02-06,2022-08-27,2022-08-27,20227888,8:38:00,8.63,"43°10'40.0""N","79°14'21.0""W",18,Sunny,600.281,186.998,1,Commercial,1,YES,YES,7,LARGE,HD,36,53.637,1.49,0.88,0.287,59,65.99921696,0,0,0,0,0,0,0,0
037-2,037-02-06,2022-08-27,2022-08-27,20227888,8:38:00,8.63,"43°10'40.0""N","79°14'21.0""W",18,Sunny,600.281,186.998,1,Commercial,1,YES,YES,7,LARGE,M,25,73.117,2.925,2.246,0.391,NA,NA,0,0,0,0,0,0,0,0
037-2,037-02-07,2022-08-27,2022-08-27,20227888,8:38:00,8.63,"43°10'40.0""N","79°14'21.0""W",18,Sunny,600.281,4.389,1,Commercial,0,NO,YES,7,LARGE,HU,1,0.999,0.999,NA,0.228,NA,NA,0,0,0,0,0,0,0,0
037-2,037-02-07,2022-08-27,2022-08-27,20227888,8:38:00,8.63,"43°10'40.0""N","79°14'21.0""W",18,Sunny,600.281,4.389,1,Commercial,0,NO,YES,7,LARGE,HD,1,2.593,2.593,NA,0.591,3,69.41766294,0,0,0,0,0,0,0,0
037-2,037-02-07,2022-08-27,2022-08-27,20227888,8:38:00,8.63,"43°10'40.0""N","79°14'21.0""W",18,Sunny,600.281,4.389,1,Commercial,0,NO,YES,7,LARGE,M,1,0.797,0.797,NA,0.182,NA,NA,0,0,0,0,0,0,0,0
037-2,037-02-07,2022-08-27,2022-08-27,20227888,8:38:00,8.63,"43°10'40.0""N","79°14'21.0""W",18,Sunny,600.281,71.895,1,Commercial,1,YES,YES,7,LARGE,HU,22,28.487,1.295,1.354,0.396,NA,NA,0,0,0,0,0,1,1,0
037-2,037-02-07,2022-08-27,2022-08-27,20227888,8:38:00,8.63,"43°10'40.0""N","79°14'21.0""W",18,Sunny,600.281,71.895,1,Commercial,1,YES,YES,7,LARGE,HD,22,38.63,1.756,0.785,0.537,53,82.31944085,0,0,0,0,0,1,1,0
037-2,037-02-07,2022-08-27,2022-08-27,20227888,8:38:00,8.63,"43°10'40.0""N","79°14'21.0""W",18,Sunny,600.281,71.895,1,Commercial,1,YES,YES,7,LARGE,M,5,4.778,0.956,0.322,0.066,NA,NA,0,0,0,0,0,1,1,0
38,038-01-01,2022-09-01,2022-09-01,20227893,7:30:00,7.5,"43°10'42.5""N","79°14'21.1""W",15,Partly Cloudy,235.999,54.362,0,Green Area,1,YES,NO,2,SMALL,HU,5,19.755,3.951,2.365,0.363,NA,NA,0,0,0,0,0,0,0,0
38,038-01-01,2022-09-01,2022-09-01,20227893,7:30:00,7.5,"43°10'42.5""N","79°14'21.1""W",15,Partly Cloudy,235.999,54.362,0,Green Area,1,YES,NO,2,SMALL,HD,7,13.23,1.89,2.822,0.243,5,22.67573696,0,0,0,0,0,0,0,0
38,038-01-01,2022-09-01,2022-09-01,20227893,7:30:00,7.5,"43°10'42.5""N","79°14'21.1""W",15,Partly Cloudy,235.999,54.362,0,Green Area,1,YES,NO,2,SMALL,M,9,21.377,2.375,1.371,0.393,NA,NA,0,0,0,0,0,0,0,0
38,038-01-02,2022-09-01,2022-09-01,20227893,7:30:00,7.5,"43°10'42.5""N","79°14'21.1""W",15,Partly Cloudy,235.999,156.759,0,Green Area,1,YES,NO,2,SMALL,HU,12,17.989,1.499,1.274,0.115,NA,NA,0,0,0,0,0,0,0,0
38,038-01-02,2022-09-01,2022-09-01,20227893,7:30:00,7.5,"43°10'42.5""N","79°14'21.1""W",15,Partly Cloudy,235.999,156.759,0,Green Area,1,YES,NO,2,SMALL,HD,24,77.579,3.232,6.338,0.495,59,45.63090527,0,0,0,0,0,0,0,0
38,038-01-02,2022-09-01,2022-09-01,20227893,7:30:00,7.5,"43°10'42.5""N","79°14'21.1""W",15,Partly Cloudy,235.999,156.759,0,Green Area,1,YES,NO,2,SMALL,M,25,61.191,2.448,2.187,0.39,NA,NA,0,0,0,0,0,0,0,0
038-2,038-02-01,2022-09-01,2022-09-01,20227893,7:40:00,7.67,"43°10'40.0""N","79°14'21.1""W",15,Partly Cloudy,741.462,22.229,1,Commercial,0,NO,YES,7,LARGE,HU,9,6.488,0.721,0.387,0.292,NA,NA,0,0,0,0,0,1,0,0
038-2,038-02-01,2022-09-01,2022-09-01,20227893,7:40:00,7.67,"43°10'40.0""N","79°14'21.1""W",15,Partly Cloudy,741.462,22.229,1,Commercial,0,NO,YES,7,LARGE,HD,9,7.982,0.887,0.687,0.359,8,60.13530443,0,0,0,0,0,1,0,0
038-2,038-02-01,2022-09-01,2022-09-01,20227893,7:40:00,7.67,"43°10'40.0""N","79°14'21.1""W",15,Partly Cloudy,741.462,22.229,1,Commercial,0,NO,YES,7,LARGE,M,6,7.759,1.293,1.102,0.349,NA,NA,0,0,0,0,0,1,0,0
038-2,038-02-01,2022-09-01,2022-09-01,20227893,7:40:00,7.67,"43°10'40.0""N","79°14'21.1""W",15,Partly Cloudy,741.462,130.92,1,Commercial,1,YES,YES,7,LARGE,HU,31,48.146,1.553,2.114,0.368,NA,NA,0,0,0,0,0,1,1,0
038-2,038-02-01,2022-09-01,2022-09-01,20227893,7:40:00,7.67,"43°10'40.0""N","79°14'21.1""W",15,Partly Cloudy,741.462,130.92,1,Commercial,1,YES,YES,7,LARGE,HD,23,45.004,1.957,1.326,0.344,66,87.99217847,0,0,0,0,0,1,1,0
038-2,038-02-01,2022-09-01,2022-09-01,20227893,7:40:00,7.67,"43°10'40.0""N","79°14'21.1""W",15,Partly Cloudy,741.462,130.92,1,Commercial,1,YES,YES,7,LARGE,M,22,37.77,1.717,1.154,0.288,NA,NA,0,0,0,0,0,1,1,0
038-2,038-02-02,2022-09-01,2022-09-01,20227893,7:40:00,7.67,"43°10'40.0""N","79°14'21.1""W",15,Partly Cloudy,741.462,174.244,1,Commercial,1,YES,YES,7,LARGE,HU,36,83.731,2.326,2.784,0.481,NA,NA,0,0,0,0,0,0,0,0
038-2,038-02-02,2022-09-01,2022-09-01,20227893,7:40:00,7.67,"43°10'40.0""N","79°14'21.1""W",15,Partly Cloudy,741.462,174.244,1,Commercial,1,YES,YES,7,LARGE,HD,29,60.525,2.087,1.175,0.347,49,48.57496902,0,0,0,0,0,0,0,0
038-2,038-02-02,2022-09-01,2022-09-01,20227893,7:40:00,7.67,"43°10'40.0""N","79°14'21.1""W",15,Partly Cloudy,741.462,174.244,1,Commercial,1,YES,YES,7,LARGE,M,12,29.988,2.499,1.703,0.172,NA,NA,0,0,0,0,0,0,0,0
038-2,038-02-03,2022-09-01,2022-09-01,20227893,7:40:00,7.67,"43°10'40.0""N","79°14'21.1""W",15,Partly Cloudy,741.462,2.453,1,Commercial,0,NO,YES,7,LARGE,HU,0,0,0,NA,0,NA,NA,0,0,0,0,0,0,0,0
038-2,038-02-03,2022-09-01,2022-09-01,20227893,7:40:00,7.67,"43°10'40.0""N","79°14'21.1""W",15,Partly Cloudy,741.462,2.453,1,Commercial,0,NO,YES,7,LARGE,HD,1,1.695,1.695,NA,0.691,0,0,0,0,0,0,0,0,0,0
038-2,038-02-03,2022-09-01,2022-09-01,20227893,7:40:00,7.67,"43°10'40.0""N","79°14'21.1""W",15,Partly Cloudy,741.462,2.453,1,Commercial,0,NO,YES,7,LARGE,M,1,0.758,0.758,NA,0.309,NA,NA,0,0,0,0,0,0,0,0
038-2,038-02-03,2022-09-01,2022-09-01,20227893,7:40:00,7.67,"43°10'40.0""N","79°14'21.1""W",15,Partly Cloudy,741.462,209.107,1,Commercial,1,YES,YES,7,LARGE,HU,47,88.261,1.878,2.236,0.422,NA,NA,0,0,0,0,0,1,1,0
038-2,038-02-03,2022-09-01,2022-09-01,20227893,7:40:00,7.67,"43°10'40.0""N","79°14'21.1""W",15,Partly Cloudy,741.462,209.107,1,Commercial,1,YES,YES,7,LARGE,HD,40,67.99,1.7,1.398,0.325,66,58.24385939,0,0,0,0,0,1,1,0
038-2,038-02-03,2022-09-01,2022-09-01,20227893,7:40:00,7.67,"43°10'40.0""N","79°14'21.1""W",15,Partly Cloudy,741.462,209.107,1,Commercial,1,YES,YES,7,LARGE,M,26,52.856,2.033,1.345,0.253,NA,NA,0,0,0,0,0,1,1,0
038-2,038-02-04,2022-09-01,2022-09-01,20227893,7:40:00,7.67,"43°10'40.0""N","79°14'21.1""W",15,Partly Cloudy,741.462,62.221,1,Commercial,1,YES,YES,7,LARGE,HU,17,18.018,1.06,0.616,0.29,NA,NA,0,0,0,0,0,0,0,0
038-2,038-02-04,2022-09-01,2022-09-01,20227893,7:40:00,7.67,"43°10'40.0""N","79°14'21.1""W",15,Partly Cloudy,741.462,62.221,1,Commercial,1,YES,YES,7,LARGE,HD,18,25.713,1.428,1.15,0.413,21,49.00245012,0,0,0,0,0,0,0,0
038-2,038-02-04,2022-09-01,2022-09-01,20227893,7:40:00,7.67,"43°10'40.0""N","79°14'21.1""W",15,Partly Cloudy,741.462,62.221,1,Commercial,1,YES,YES,7,LARGE,M,10,18.49,1.849,2.117,0.297,NA,NA,0,0,0,0,0,0,0,0
038-2,038-02-05,2022-09-01,2022-09-01,20227893,7:40:00,7.67,"43°10'40.0""N","79°14'21.1""W",15,Partly Cloudy,741.462,59.493,1,Commercial,1,YES,YES,7,LARGE,HU,16,25.619,1.601,1.493,0.431,NA,NA,0,0,0,0,0,1,1,0
038-2,038-02-05,2022-09-01,2022-09-01,20227893,7:40:00,7.67,"43°10'40.0""N","79°14'21.1""W",15,Partly Cloudy,741.462,59.493,1,Commercial,1,YES,YES,7,LARGE,HD,6,9.025,1.504,0.614,0.152,8,53.18559557,0,0,0,0,0,1,1,0
038-2,038-02-05,2022-09-01,2022-09-01,20227893,7:40:00,7.67,"43°10'40.0""N","79°14'21.1""W",15,Partly Cloudy,741.462,59.493,1,Commercial,1,YES,YES,7,LARGE,M,14,24.849,1.775,1.379,0.418,NA,NA,0,0,0,0,0,1,1,0
038-2,038-02-06,2022-09-01,2022-09-01,20227893,7:40:00,7.67,"43°10'40.0""N","79°14'21.1""W",15,Partly Cloudy,741.462,1.747,1,Commercial,1,YES,YES,7,LARGE,HU,0,0,0,NA,0,NA,NA,0,0,0,0,0,0,0,0
038-2,038-02-06,2022-09-01,2022-09-01,20227893,7:40:00,7.67,"43°10'40.0""N","79°14'21.1""W",15,Partly Cloudy,741.462,1.747,1,Commercial,1,YES,YES,7,LARGE,HD,0,0,0,NA,0,0,0,0,0,0,0,0,0,0,0
038-2,038-02-06,2022-09-01,2022-09-01,20227893,7:40:00,7.67,"43°10'40.0""N","79°14'21.1""W",15,Partly Cloudy,741.462,1.747,1,Commercial,1,YES,YES,7,LARGE,M,1,1.747,1.747,NA,1,NA,NA,0,0,0,0,0,0,0,0
038-2,038-02-07,2022-09-01,2022-09-01,20227893,7:40:00,7.67,"43°10'40.0""N","79°14'21.1""W",15,Partly Cloudy,741.462,22.233,1,Commercial,0,NO,YES,7,LARGE,HU,9,8.256,0.917,0.996,0.371,NA,NA,0,0,0,0,0,0,0,0
038-2,038-02-07,2022-09-01,2022-09-01,20227893,7:40:00,7.67,"43°10'40.0""N","79°14'21.1""W",15,Partly Cloudy,741.462,22.233,1,Commercial,0,NO,YES,7,LARGE,HD,7,11.233,1.605,0.967,0.505,14,74.77966705,0,0,0,0,0,0,0,0
038-2,038-02-07,2022-09-01,2022-09-01,20227893,7:40:00,7.67,"43°10'40.0""N","79°14'21.1""W",15,Partly Cloudy,741.462,22.233,1,Commercial,0,NO,YES,7,LARGE,M,4,2.744,0.686,0.238,0.123,NA,NA,0,0,0,0,0,0,0,0
038-2,038-02-07,2022-09-01,2022-09-01,20227893,7:40:00,7.67,"43°10'40.0""N","79°14'21.1""W",15,Partly Cloudy,741.462,534.085,1,Commercial,1,YES,YES,7,LARGE,HU,132,176.648,1.338,1.667,0.331,NA,NA,0,0,0,0,0,0,0,0
038-2,038-02-07,2022-09-01,2022-09-01,20227893,7:40:00,7.67,"43°10'40.0""N","79°14'21.1""W",15,Partly Cloudy,741.462,534.085,1,Commercial,1,YES,YES,7,LARGE,HD,108,193.086,1.788,1.182,0.362,224,69.60628943,0,0,0,0,0,0,0,0
038-2,038-02-07,2022-09-01,2022-09-01,20227893,7:40:00,7.67,"43°10'40.0""N","79°14'21.1""W",15,Partly Cloudy,741.462,534.085,1,Commercial,1,YES,YES,7,LARGE,M,59,164.351,2.786,3.667,0.308,NA,NA,0,0,0,0,0,0,0,0
39,039-01-01,2022-09-01,2022-09-01,20227893,8:20:00,8.33,"43°08'23.0""N ","79°14'14.4""W",17,Sunny,574.181,141.733,0,Green Area,0,NO,YES,2,SMALL,HU,22,50.196,2.282,2.381,0.354,NA,NA,0,0,0,0,0,0,0,0
39,039-01-01,2022-09-01,2022-09-01,20227893,8:20:00,8.33,"43°08'23.0""N ","79°14'14.4""W",17,Sunny,574.181,141.733,0,Green Area,0,NO,YES,2,SMALL,HD,20,89.018,4.451,3.501,0.628,94,63.35797254,0,0,0,0,0,0,0,0
39,039-01-01,2022-09-01,2022-09-01,20227893,8:20:00,8.33,"43°08'23.0""N ","79°14'14.4""W",17,Sunny,574.181,141.733,0,Green Area,0,NO,YES,2,SMALL,M,4,2.519,0.63,0.588,0.018,NA,NA,0,0,0,0,0,0,0,0
39,039-01-02,2022-09-01,2022-09-01,20227893,8:20:00,8.33,"43°08'23.0""N ","79°14'14.4""W",17,Sunny,574.181,228.968,0,Green Area,0,NO,YES,2,SMALL,HU,65,78.117,1.202,1.943,0.341,NA,NA,0,0,0,0,0,0,0,0
39,039-01-02,2022-09-01,2022-09-01,20227893,8:20:00,8.33,"43°08'23.0""N ","79°14'14.4""W",17,Sunny,574.181,228.968,0,Green Area,0,NO,YES,2,SMALL,HD,63,130.322,2.069,1.555,0.569,166,76.42608309,0,0,0,0,0,0,0,0
39,039-01-02,2022-09-01,2022-09-01,20227893,8:20:00,8.33,"43°08'23.0""N ","79°14'14.4""W",17,Sunny,574.181,228.968,0,Green Area,0,NO,YES,2,SMALL,M,9,20.529,2.281,2.535,0.09,NA,NA,0,0,0,0,0,0,0,0
40,040-01-01,2022-09-08,2022-09-08,20227900,8:50:00,8.83,"43°10'41.6""N","79°14'26.2""W",18,Foggy,1199.672,17.139,0,Green Area,0,NO,YES,2,SMALL,HU,4,7.475,1.869,1.055,0.436,NA,NA,7,0,0,0,7,0,0,0.35
40,040-01-01,2022-09-08,2022-09-08,20227900,8:50:00,8.83,"43°10'41.6""N","79°14'26.2""W",18,Foggy,1199.672,17.139,0,Green Area,0,NO,YES,2,SMALL,HD,0,0,0,NA,0,0,0,7,0,0,0,7,0,0,0.35
40,040-01-01,2022-09-08,2022-09-08,20227900,8:50:00,8.83,"43°10'41.6""N","79°14'26.2""W",18,Foggy,1199.672,17.139,0,Green Area,0,NO,YES,2,SMALL,M,5,9.664,1.933,1.647,0.564,NA,NA,7,0,0,0,7,0,0,0.35
40,040-01-01,2022-09-08,2022-09-08,20227900,8:50:00,8.83,"43°10'41.6""N","79°14'26.2""W",18,Foggy,1199.672,135.127,0,Green Area,1,YES,YES,2,SMALL,HU,36,44.814,1.245,0.947,0.332,NA,NA,7,0,0,0,7,0,0,0.35
40,040-01-01,2022-09-08,2022-09-08,20227900,8:50:00,8.83,"43°10'41.6""N","79°14'26.2""W",18,Foggy,1199.672,135.127,0,Green Area,1,YES,YES,2,SMALL,HD,29,55.529,1.915,1.207,0.411,27,29.17394515,7,0,0,0,7,0,0,0.35
40,040-01-01,2022-09-08,2022-09-08,20227900,8:50:00,8.83,"43°10'41.6""N","79°14'26.2""W",18,Foggy,1199.672,135.127,0,Green Area,1,YES,YES,2,SMALL,M,17,34.784,2.046,1.627,0.257,NA,NA,7,0,0,0,7,0,0,0.35
40,040-01-02,2022-09-08,2022-09-08,20227900,8:50:00,8.83,"43°10'41.6""N","79°14'26.2""W",18,Foggy,1199.672,49.384,0,Green Area,0,NO,YES,2,SMALL,HU,13,19.001,1.462,1.884,0.385,NA,NA,7,0,0,0,7,0,0,0.35
40,040-01-02,2022-09-08,2022-09-08,20227900,8:50:00,8.83,"43°10'41.6""N","79°14'26.2""W",18,Foggy,1199.672,49.384,0,Green Area,0,NO,YES,2,SMALL,HD,14,25.733,1.838,1.268,0.521,23,53.62763766,7,0,0,0,7,0,0,0.35
40,040-01-02,2022-09-08,2022-09-08,20227900,8:50:00,8.83,"43°10'41.6""N","79°14'26.2""W",18,Foggy,1199.672,49.384,0,Green Area,0,NO,YES,2,SMALL,M,2,4.65,2.325,2.366,0.094,NA,NA,7,0,0,0,7,0,0,0.35
40,040-01-02,2022-09-08,2022-09-08,20227900,8:50:00,8.83,"43°10'41.6""N","79°14'26.2""W",18,Foggy,1199.672,39.769,0,Green Area,1,YES,YES,2,SMALL,HU,11,14.512,1.319,1.055,0.365,NA,NA,7,0,0,0,7,0,0,0.35
40,040-01-02,2022-09-08,2022-09-08,20227900,8:50:00,8.83,"43°10'41.6""N","79°14'26.2""W",18,Foggy,1199.672,39.769,0,Green Area,1,YES,YES,2,SMALL,HD,10,15.003,1.5,0.74,0.377,14,55.98880224,7,0,0,0,7,0,0,0.35
40,040-01-02,2022-09-08,2022-09-08,20227900,8:50:00,8.83,"43°10'41.6""N","79°14'26.2""W",18,Foggy,1199.672,39.769,0,Green Area,1,YES,YES,2,SMALL,M,4,10.254,2.563,2.253,0.258,NA,NA,7,0,0,0,7,0,0,0.35
41,041-01-01,2022-09-10,2022-09-10,20227902,8:04:00,8.07,"43°10'50.9""N","79°14'38.5""W",21,Mostly Cloudy,1366.216,719.155,0,Green Area,1,YES,YES,5,LARGE,HU,184,260.78,1.417,2.171,0.363,NA,NA,9,4,2,3,0,1,1,0.4
41,041-01-01,2022-09-10,2022-09-10,20227902,8:04:00,8.07,"43°10'50.9""N","79°14'38.5""W",21,Mostly Cloudy,1366.216,719.155,0,Green Area,1,YES,YES,5,LARGE,HD,173,357.323,2.065,1.613,0.497,534,89.66677208,9,4,2,3,0,1,1,0.4
41,041-01-01,2022-09-10,2022-09-10,20227902,8:04:00,8.07,"43°10'50.9""N","79°14'38.5""W",21,Mostly Cloudy,1366.216,719.155,0,Green Area,1,YES,YES,5,LARGE,M,50,101.052,2.021,2.305,0.141,NA,NA,9,4,2,3,0,1,1,0.4
41,041-01-02,2022-09-10,2022-09-10,20227902,8:04:00,8.07,"43°10'50.9""N","79°14'38.5""W",21,Mostly Cloudy,1366.216,434.796,0,Green Area,1,YES,YES,5,LARGE,HU,106,139.365,1.315,2.262,0.321,NA,NA,9,4,2,3,0,1,0,0.4
41,041-01-02,2022-09-10,2022-09-10,20227902,8:04:00,8.07,"43°10'50.9""N","79°14'38.5""W",21,Mostly Cloudy,1366.216,434.796,0,Green Area,1,YES,YES,5,LARGE,HD,99,206.717,2.088,1.544,0.475,240,69.66045366,9,4,2,3,0,1,0,0.4
41,041-01-02,2022-09-10,2022-09-10,20227902,8:04:00,8.07,"43°10'50.9""N","79°14'38.5""W",21,Mostly Cloudy,1366.216,434.796,0,Green Area,1,YES,YES,5,LARGE,M,52,88.714,1.706,1.505,0.204,NA,NA,9,4,2,3,0,1,0,0.4
41,041-01-03,2022-09-10,2022-09-10,20227902,8:04:00,8.07,"43°10'50.9""N","79°14'38.5""W",21,Mostly Cloudy,1366.216,235.613,0,Green Area,1,YES,YES,5,LARGE,HU,46,108.95,2.368,3.253,0.462,NA,NA,9,4,2,3,0,1,1,0.4
41,041-01-03,2022-09-10,2022-09-10,20227902,8:04:00,8.07,"43°10'50.9""N","79°14'38.5""W",21,Mostly Cloudy,1366.216,235.613,0,Green Area,1,YES,YES,5,LARGE,HD,34,88.637,2.607,1.608,0.376,75,50.76886627,9,4,2,3,0,1,1,0.4
41,041-01-03,2022-09-10,2022-09-10,20227902,8:04:00,8.07,"43°10'50.9""N","79°14'38.5""W",21,Mostly Cloudy,1366.216,235.613,0,Green Area,1,YES,YES,5,LARGE,M,20,38.026,1.901,1.684,0.161,NA,NA,9,4,2,3,0,1,1,0.4
41,041-01-04,2022-09-10,2022-09-10,20227902,8:04:00,8.07,"43°10'50.9""N","79°14'38.5""W",21,Mostly Cloudy,1366.216,220.288,0,Green Area,1,YES,YES,5,LARGE,HU,66,96.431,1.461,1.633,0.438,NA,NA,9,4,2,3,0,0,0,0.4
41,041-01-04,2022-09-10,2022-09-10,20227902,8:04:00,8.07,"43°10'50.9""N","79°14'38.5""W",21,Mostly Cloudy,1366.216,220.288,0,Green Area,1,YES,YES,5,LARGE,HD,47,84.317,1.794,1.072,0.383,72,51.23521947,9,4,2,3,0,0,0,0.4
41,041-01-04,2022-09-10,2022-09-10,20227902,8:04:00,8.07,"43°10'50.9""N","79°14'38.5""W",21,Mostly Cloudy,1366.216,220.288,0,Green Area,1,YES,YES,5,LARGE,M,29,39.54,1.363,1.211,0.179,NA,NA,9,4,2,3,0,0,0,0.4
41,041-01-05,2022-09-10,2022-09-10,20227902,8:04:00,8.07,"43°10'50.9""N","79°14'38.5""W",21,Mostly Cloudy,1366.216,1.533,0,Green Area,1,YES,YES,5,LARGE,HU,0,0,0,NA,0,NA,NA,9,4,2,3,0,0,0,0.4
41,041-01-05,2022-09-10,2022-09-10,20227902,8:04:00,8.07,"43°10'50.9""N","79°14'38.5""W",21,Mostly Cloudy,1366.216,1.533,0,Green Area,1,YES,YES,5,LARGE,HD,0,0,0,NA,0,0,0,9,4,2,3,0,0,0,0.4
41,041-01-05,2022-09-10,2022-09-10,20227902,8:04:00,8.07,"43°10'50.9""N","79°14'38.5""W",21,Mostly Cloudy,1366.216,1.533,0,Green Area,1,YES,YES,5,LARGE,M,1,1.533,1.533,NA,1,NA,NA,9,4,2,3,0,0,0,0.4
42,042-01-01,2022-09-21,2022-09-21,20227913,9:13:00,9.22,"43°10'50.9""N","79°14'38.5""W",21,Mostly Cloudy,616.041,69.097,1,Commercial,0,NO,YES,2,SMALL,HU,30,27.283,0.909,0.598,0.395,NA,NA,15,4,0,4,7,0,0,1.46
42,042-01-01,2022-09-21,2022-09-21,20227913,9:13:00,9.22,"43°10'50.9""N","79°14'38.5""W",21,Mostly Cloudy,616.041,69.097,1,Commercial,0,NO,YES,2,SMALL,HD,28,29.849,1.066,0.639,0.432,30,60.30352776,15,4,0,4,7,0,0,1.46
42,042-01-01,2022-09-21,2022-09-21,20227913,9:13:00,9.22,"43°10'50.9""N","79°14'38.5""W",21,Mostly Cloudy,616.041,69.097,1,Commercial,0,NO,YES,2,SMALL,M,13,11.965,0.92,0.565,0.173,NA,NA,15,4,0,4,7,0,0,1.46
42,042-01-01,2022-09-21,2022-09-21,20227913,9:13:00,9.22,"43°10'50.9""N","79°14'38.5""W",21,Mostly Cloudy,616.041,3.873,1,Commercial,1,YES,YES,2,SMALL,HU,2,1.495,0.748,0.722,0.386,NA,NA,15,4,0,4,7,0,0,1.46
42,042-01-01,2022-09-21,2022-09-21,20227913,9:13:00,9.22,"43°10'50.9""N","79°14'38.5""W",21,Mostly Cloudy,616.041,3.873,1,Commercial,1,YES,YES,2,SMALL,HD,3,2.119,0.706,0.067,0.547,3,84.94572912,15,4,0,4,7,0,0,1.46
42,042-01-01,2022-09-21,2022-09-21,20227913,9:13:00,9.22,"43°10'50.9""N","79°14'38.5""W",21,Mostly Cloudy,616.041,3.873,1,Commercial,1,YES,YES,2,SMALL,M,1,0.259,0.259,NA,0.067,NA,NA,15,4,0,4,7,0,0,1.46
42,042-01-02,2022-09-21,2022-09-21,20227913,9:13:00,9.22,"43°10'50.9""N","79°14'38.5""W",21,Mostly Cloudy,616.041,155.527,1,Commercial,0,NO,YES,2,SMALL,HU,50,73.407,1.468,1.654,0.472,NA,NA,15,4,0,4,7,0,0,1.46
42,042-01-02,2022-09-21,2022-09-21,20227913,9:13:00,9.22,"43°10'50.9""N","79°14'38.5""W",21,Mostly Cloudy,616.041,155.527,1,Commercial,0,NO,YES,2,SMALL,HD,46,67.282,1.463,0.948,0.433,80,71.34151779,15,4,0,4,7,0,0,1.46
42,042-01-02,2022-09-21,2022-09-21,20227913,9:13:00,9.22,"43°10'50.9""N","79°14'38.5""W",21,Mostly Cloudy,616.041,155.527,1,Commercial,0,NO,YES,2,SMALL,M,12,14.838,1.236,0.776,0.095,NA,NA,15,4,0,4,7,0,0,1.46
42,042-01-02,2022-09-21,2022-09-21,20227913,9:13:00,9.22,"43°10'50.9""N","79°14'38.5""W",21,Mostly Cloudy,616.041,41.764,1,Commercial,1,YES,YES,2,SMALL,HU,12,23.298,1.942,1.129,0.558,NA,NA,15,4,0,4,7,0,0,1.46
42,042-01-02,2022-09-21,2022-09-21,20227913,9:13:00,9.22,"43°10'50.9""N","79°14'38.5""W",21,Mostly Cloudy,616.041,41.764,1,Commercial,1,YES,YES,2,SMALL,HD,9,16.993,1.888,1.128,0.407,16,56.49385041,15,4,0,4,7,0,0,1.46
42,042-01-02,2022-09-21,2022-09-21,20227913,9:13:00,9.22,"43°10'50.9""N","79°14'38.5""W",21,Mostly Cloudy,616.041,41.764,1,Commercial,1,YES,YES,2,SMALL,M,2,1.473,0.736,0.002,0.035,NA,NA,15,4,0,4,7,0,0,1.46
43,043-01-01,2022-09-28,2022-09-28,20227920,8:05:00,8.08,"43°10'50.9""N","79°14'38.5""W",21,Mostly Cloudy,496.986,31.505,1,Commercial,1,YES,YES,2,SMALL,HU,6,9.446,1.574,0.721,0.3,NA,NA,48,1,0,2,45,1,0,5.79
43,043-01-01,2022-09-28,2022-09-28,20227920,8:05:00,8.08,"43°10'50.9""N","79°14'38.5""W",21,Mostly Cloudy,496.986,31.505,1,Commercial,1,YES,YES,2,SMALL,HD,6,4.515,0.753,0.276,0.143,6,79.73421927,48,1,0,2,45,1,0,5.79
43,043-01-01,2022-09-28,2022-09-28,20227920,8:05:00,8.08,"43°10'50.9""N","79°14'38.5""W",21,Mostly Cloudy,496.986,31.505,1,Commercial,1,YES,YES,2,SMALL,M,10,17.544,1.754,0.989,0.557,NA,NA,48,1,0,2,45,1,0,5.79
43,043-01-02,2022-09-28,2022-09-28,20227920,8:05:00,8.08,"43°10'50.9""N","79°14'38.5""W",21,Mostly Cloudy,496.986,18.995,1,Commercial,1,YES,YES,2,SMALL,HU,6,8.504,1.417,1.019,0.448,NA,NA,48,1,0,2,45,0,0,5.79
43,043-01-02,2022-09-28,2022-09-28,20227920,8:05:00,8.08,"43°10'50.9""N","79°14'38.5""W",21,Mostly Cloudy,496.986,18.995,1,Commercial,1,YES,YES,2,SMALL,HD,3,1.748,0.583,0.142,0.092,2,68.64988558,48,1,0,2,45,0,0,5.79
43,043-01-02,2022-09-28,2022-09-28,20227920,8:05:00,8.08,"43°10'50.9""N","79°14'38.5""W",21,Mostly Cloudy,496.986,18.995,1,Commercial,1,YES,YES,2,SMALL,M,6,8.743,1.457,1.167,0.46,NA,NA,48,1,0,2,45,0,0,5.79
043-2,043-02-01,2022-09-28,2022-09-28,20227920,8:19:00,8.32,"43°10'39.6""N","79°14'38.5""W",13,Cloudy,121.524,28.739,1,Commercial,1,YES,YES,10,LARGE,HU,5,7.746,1.549,1.419,0.27,NA,NA,4,0,0,1,3,0,0,1.97
043-2,043-02-01,2022-09-28,2022-09-28,20227920,8:19:00,8.32,"43°10'39.6""N","79°14'38.5""W",13,Cloudy,121.524,28.739,1,Commercial,1,YES,YES,10,LARGE,HD,4,7.494,1.873,1.921,0.261,13,104.0832666,4,0,0,1,3,0,0,1.97
043-2,043-02-01,2022-09-28,2022-09-28,20227920,8:19:00,8.32,"43°10'39.6""N","79°14'38.5""W",13,Cloudy,121.524,28.739,1,Commercial,1,YES,YES,10,LARGE,M,10,13.499,1.35,1.126,0.47,NA,NA,4,0,0,1,3,0,0,1.97
043-2,043-02-02,2022-09-28,2022-09-28,20227920,8:19:00,8.32,"43°10'39.6""N","79°14'38.5""W",13,Cloudy,121.524,38.002,1,Commercial,1,YES,YES,10,LARGE,HU,9,13.092,1.455,1.571,0.345,NA,NA,4,0,0,1,3,0,0,1.97
043-2,043-02-02,2022-09-28,2022-09-28,20227920,8:19:00,8.32,"43°10'39.6""N","79°14'38.5""W",13,Cloudy,121.524,38.002,1,Commercial,1,YES,YES,10,LARGE,HD,6,9.745,1.624,1.455,0.256,9,55.41303232,4,0,0,1,3,0,0,1.97
043-2,043-02-02,2022-09-28,2022-09-28,20227920,8:19:00,8.32,"43°10'39.6""N","79°14'38.5""W",13,Cloudy,121.524,38.002,1,Commercial,1,YES,YES,10,LARGE,M,14,15.165,1.083,1.024,0.399,NA,NA,4,0,0,1,3,0,0,1.97
043-2,043-02-03,2022-09-28,2022-09-28,20227920,8:19:00,8.32,"43°10'39.6""N","79°14'38.5""W",13,Cloudy,121.524,33.239,1,Commercial,1,YES,YES,10,LARGE,HU,10,10.739,1.074,0.95,0.323,NA,NA,4,0,0,1,3,0,0,1.97
043-2,043-02-03,2022-09-28,2022-09-28,20227920,8:19:00,8.32,"43°10'39.6""N","79°14'38.5""W",13,Cloudy,121.524,33.239,1,Commercial,1,YES,YES,10,LARGE,HD,9,17.001,1.889,2.41,0.511,24,84.70089995,4,0,0,1,3,0,0,1.97
043-2,043-02-03,2022-09-28,2022-09-28,20227920,8:19:00,8.32,"43°10'39.6""N","79°14'38.5""W",13,Cloudy,121.524,33.239,1,Commercial,1,YES,YES,10,LARGE,M,8,5.499,0.687,0.594,0.165,NA,NA,4,0,0,1,3,0,0,1.97
043-2,043-02-04,2022-09-28,2022-09-28,20227920,8:19:00,8.32,"43°10'39.6""N","79°14'38.5""W",13,Cloudy,121.524,26.996,1,Commercial,1,YES,YES,10,LARGE,HU,1,0.249,0.249,NA,0.009,NA,NA,4,0,0,1,3,0,0,1.97
043-2,043-02-04,2022-09-28,2022-09-28,20227920,8:19:00,8.32,"43°10'39.6""N","79°14'38.5""W",13,Cloudy,121.524,26.996,1,Commercial,1,YES,YES,10,LARGE,HD,3,13.75,4.583,4.141,0.509,22,96,4,0,0,1,3,0,0,1.97
043-2,043-02-04,2022-09-28,2022-09-28,20227920,8:19:00,8.32,"43°10'39.6""N","79°14'38.5""W",13,Cloudy,121.524,26.996,1,Commercial,1,YES,YES,10,LARGE,M,7,12.997,1.857,1.264,0.481,NA,NA,4,0,0,1,3,0,0,1.97
043-2,043-02-05,2022-09-28,2022-09-28,20227920,8:19:00,8.32,"43°10'39.6""N","79°14'38.5""W",13,Cloudy,121.524,9.745,1,Commercial,1,YES,YES,10,LARGE,HU,0,0,0,NA,0,NA,NA,4,0,0,1,3,0,0,1.97
043-2,043-02-05,2022-09-28,2022-09-28,20227920,8:19:00,8.32,"43°10'39.6""N","79°14'38.5""W",13,Cloudy,121.524,9.745,1,Commercial,1,YES,YES,10,LARGE,HD,3,5.498,1.833,1.528,0.564,8,87.30447435,4,0,0,1,3,0,0,1.97
043-2,043-02-05,2022-09-28,2022-09-28,20227920,8:19:00,8.32,"43°10'39.6""N","79°14'38.5""W",13,Cloudy,121.524,9.745,1,Commercial,1,YES,YES,10,LARGE,M,5,4.247,0.849,0.488,0.436,NA,NA,4,0,0,1,3,0,0,1.97
043-2,043-02-06,2022-09-28,2022-09-28,20227920,8:19:00,8.32,"43°10'39.6""N","79°14'38.5""W",13,Cloudy,121.524,21.997,1,Commercial,1,YES,YES,10,LARGE,HU,8,8.489,1.061,0.98,0.386,NA,NA,4,0,0,1,3,0,0,1.97
043-2,043-02-06,2022-09-28,2022-09-28,20227920,8:19:00,8.32,"43°10'39.6""N","79°14'38.5""W",13,Cloudy,121.524,21.997,1,Commercial,1,YES,YES,10,LARGE,HD,8,11.759,1.47,1.467,0.535,18,91.8445446,4,0,0,1,3,0,0,1.97
043-2,043-02-06,2022-09-28,2022-09-28,20227920,8:19:00,8.32,"43°10'39.6""N","79°14'38.5""W",13,Cloudy,121.524,21.997,1,Commercial,1,YES,YES,10,LARGE,M,2,1.749,0.874,0.53,0.08,NA,NA,4,0,0,1,3,0,0,1.97
043-2,043-02-07,2022-09-28,2022-09-28,20227920,8:19:00,8.32,"43°10'39.6""N","79°14'38.5""W",13,Cloudy,121.524,8.5,1,Commercial,1,YES,YES,10,LARGE,HU,3,2.498,0.833,0.628,0.294,NA,NA,4,0,0,1,3,0,0,1.97
043-2,043-02-07,2022-09-28,2022-09-28,20227920,8:19:00,8.32,"43°10'39.6""N","79°14'38.5""W",13,Cloudy,121.524,8.5,1,Commercial,1,YES,YES,10,LARGE,HD,3,2.996,0.999,1.09,0.352,7,140.1869159,4,0,0,1,3,0,0,1.97
043-2,043-02-07,2022-09-28,2022-09-28,20227920,8:19:00,8.32,"43°10'39.6""N","79°14'38.5""W",13,Cloudy,121.524,8.5,1,Commercial,1,YES,YES,10,LARGE,M,3,3.006,1.002,0.663,0.354,NA,NA,4,0,0,1,3,0,0,1.97
043-2,043-02-08,2022-09-28,2022-09-28,20227920,8:19:00,8.32,"43°10'39.6""N","79°14'38.5""W",13,Cloudy,121.524,7.497,1,Commercial,1,YES,YES,10,LARGE,HU,1,1.499,1.499,NA,0.2,NA,NA,4,0,0,1,3,0,0,1.97
043-2,043-02-08,2022-09-28,2022-09-28,20227920,8:19:00,8.32,"43°10'39.6""N","79°14'38.5""W",13,Cloudy,121.524,7.497,1,Commercial,1,YES,YES,10,LARGE,HD,1,1.25,1.25,NA,0.167,3,144,4,0,0,1,3,0,0,1.97
043-2,043-02-08,2022-09-28,2022-09-28,20227920,8:19:00,8.32,"43°10'39.6""N","79°14'38.5""W",13,Cloudy,121.524,7.497,1,Commercial,1,YES,YES,10,LARGE,M,3,4.748,1.583,1.26,0.633,NA,NA,4,0,0,1,3,0,0,1.97
043-2,043-02-09,2022-09-28,2022-09-28,20227920,8:19:00,8.32,"43°10'39.6""N","79°14'38.5""W",13,Cloudy,121.524,20.245,1,Commercial,1,YES,YES,10,LARGE,HU,8,5.495,0.687,0.821,0.271,NA,NA,4,0,0,1,3,0,0,1.97
043-2,043-02-09,2022-09-28,2022-09-28,20227920,8:19:00,8.32,"43°10'39.6""N","79°14'38.5""W",13,Cloudy,121.524,20.245,1,Commercial,1,YES,YES,10,LARGE,HD,8,12.253,1.532,1.327,0.605,19,93.03843957,4,0,0,1,3,0,0,1.97
043-2,043-02-09,2022-09-28,2022-09-28,20227920,8:19:00,8.32,"43°10'39.6""N","79°14'38.5""W",13,Cloudy,121.524,20.245,1,Commercial,1,YES,YES,10,LARGE,M,3,2.497,0.832,0.628,0.123,NA,NA,4,0,0,1,3,0,0,1.97
043-2,043-02-10,2022-09-28,2022-09-28,20227920,8:19:00,8.32,"43°10'39.6""N","79°14'38.5""W",13,Cloudy,121.524,18.5,1,Commercial,1,YES,YES,10,LARGE,HU,5,5.258,1.052,0.205,0.284,NA,NA,4,0,0,1,3,0,0,1.97
043-2,043-02-10,2022-09-28,2022-09-28,20227920,8:19:00,8.32,"43°10'39.6""N","79°14'38.5""W",13,Cloudy,121.524,18.5,1,Commercial,1,YES,YES,10,LARGE,HD,4,9.746,2.436,1.599,0.527,11,67.72009029,4,0,0,1,3,0,0,1.97
043-2,043-02-10,2022-09-28,2022-09-28,20227920,8:19:00,8.32,"43°10'39.6""N","79°14'38.5""W",13,Cloudy,121.524,18.5,1,Commercial,1,YES,YES,10,LARGE,M,3,3.496,1.165,0.946,0.189,NA,NA,4,0,0,1,3,0,0,1.97
45,045-01-01,2022-09-29,2022-09-29,20227921,7:38:00,7.63,"43°10'39.6""N","79°15'55.9""W",13,Cloudy,1020.462,39.748,1,Commercial,1,YES,YES,2,SMALL,HU,14,15.21,1.086,1.166,0.383,NA,NA,34,3,0,8,23,0,0,2
45,045-01-01,2022-09-29,2022-09-29,20227921,7:38:00,7.63,"43°10'39.6""N","79°15'55.9""W",13,Cloudy,1020.462,39.748,1,Commercial,1,YES,YES,2,SMALL,HD,8,7.772,0.971,0.57,0.196,10,77.20020587,34,3,0,8,23,0,0,2
45,045-01-01,2022-09-29,2022-09-29,20227921,7:38:00,7.63,"43°10'39.6""N","79°15'55.9""W",13,Cloudy,1020.462,39.748,1,Commercial,1,YES,YES,2,SMALL,M,16,16.766,1.048,0.41,0.422,NA,NA,34,3,0,8,23,0,0,2
45,045-01-02,2022-09-29,2022-09-29,20227921,7:38:00,7.63,"43°10'39.6""N","79°15'55.9""W",13,Cloudy,1020.462,12.999,1,Commercial,1,YES,YES,2,SMALL,HU,3,5.282,1.761,0.666,0.406,NA,NA,34,3,0,8,23,0,0,2
45,045-01-02,2022-09-29,2022-09-29,20227921,7:38:00,7.63,"43°10'39.6""N","79°15'55.9""W",13,Cloudy,1020.462,12.999,1,Commercial,1,YES,YES,2,SMALL,HD,3,1.978,0.659,0.39,0.152,2,60.66734075,34,3,0,8,23,0,0,2
45,045-01-02,2022-09-29,2022-09-29,20227921,7:38:00,7.63,"43°10'39.6""N","79°15'55.9""W",13,Cloudy,1020.462,12.999,1,Commercial,1,YES,YES,2,SMALL,M,6,5.739,0.957,0.578,0.441,NA,NA,34,3,0,8,23,0,0,2
